"","qseqid","taxon"
"1","ASV1","Sebastes alutus"
"2","ASV10","Sebastes proriger"
"3","ASV100","Sebastes proriger"
"4","ASV1000","Sebastes alutus"
"5","ASV1001","Sebastes alutus"
"6","ASV1002","Sebastes zacentrus"
"7","ASV1003","Sebastes zacentrus"
"8","ASV1004","Sebastes zacentrus"
"9","ASV1005","Sebastes proriger"
"10","ASV1006","Sebastes proriger"
"11","ASV1007","Sebastes proriger"
"12","ASV1008","Sebastes wilsoni"
"13","ASV1009","Sebastes wilsoni"
"14","ASV101","Sebastes alutus"
"15","ASV1010","Sebastes melanostictus"
"16","ASV1011","Sebastes melanostictus"
"17","ASV1012","Sebastes melanostictus"
"18","ASV1013","Sebastes melanostictus"
"19","ASV1014","Sebastes melanostictus"
"20","ASV1015","Sebastes melanostictus"
"21","ASV1016","Sebastes melanostictus"
"22","ASV1017","Sebastes melanostictus"
"23","ASV1018","Sebastes melanostictus"
"24","ASV1019","Sebastes zacentrus"
"25","ASV102","Sebastes alutus"
"26","ASV1020","Sebastes zacentrus"
"27","ASV1021","Sebastes zacentrus"
"28","ASV1022","Sebastes proriger"
"29","ASV1023","Sebastes proriger"
"30","ASV1024","Sebastes proriger"
"31","ASV1025","Sebastes melanostictus"
"32","ASV1026","Sebastolobus alascanus"
"33","ASV1027","Sebastes carnatus"
"34","ASV1028","Sebastes proriger"
"35","ASV1029","Sebastes proriger"
"36","ASV103","Sebastes alutus"
"37","ASV1030","Sebastes melanostictus"
"38","ASV1031","Sebastes melanostictus"
"39","ASV1032","Sebastes melanostictus"
"40","ASV1033","Sebastes melanostictus"
"41","ASV1034","Sebastes melanostictus"
"42","ASV1035","Sebastes melanostictus"
"43","ASV1036","Sebastes melanostictus"
"44","ASV1037","Sebastes crameri"
"45","ASV1038","Sebastes crameri"
"46","ASV1039","Sebastes crameri"
"47","ASV104","Sebastes proriger"
"48","ASV1040","Sebastes melanostictus"
"49","ASV1041","Sebastes melanostictus"
"50","ASV1042","Sebastes melanostictus"
"51","ASV1043","Sebastes melanostictus"
"52","ASV1044","Sebastes melanostictus"
"53","ASV1045","Sebastes alutus"
"54","ASV1046","Sebastes zacentrus"
"55","ASV1047","Sebastes wilsoni"
"56","ASV1048","Sebastes melanostictus"
"57","ASV1049","Sebastes melanostictus"
"58","ASV105","Sebastes alutus"
"59","ASV1050","Sebastes alutus"
"60","ASV1051","Sebastolobus alascanus"
"61","ASV1052","Sebastes carnatus"
"62","ASV1053","Sebastes proriger"
"63","ASV1054","Sebastes proriger"
"64","ASV1055","Sebastes melanostictus"
"65","ASV1056","Sebastes melanostictus"
"66","ASV1057","Sebastes melanostictus"
"67","ASV1058","Sebastes crameri"
"68","ASV1059","Sebastes alutus"
"69","ASV106","Sebastes alutus"
"70","ASV1060","Sebastes alutus"
"71","ASV1061","Sebastes alutus"
"72","ASV1062","Sebastes alutus"
"73","ASV1063","Sebastes zacentrus"
"74","ASV1064","Sebastes zacentrus"
"75","ASV1065","Sebastes zacentrus"
"76","ASV1066","Sebastes proriger"
"77","ASV1067","Sebastes wilsoni"
"78","ASV1068","Sebastes wilsoni"
"79","ASV1069","Sebastes wilsoni"
"80","ASV107","Sebastes alutus"
"81","ASV1070","Sebastolobus alascanus"
"82","ASV1071","Sebastes borealis"
"83","ASV1072","Sebastes zacentrus"
"84","ASV1073","Sebastes melanostictus"
"85","ASV1074","Sebastes melanostictus"
"86","ASV1075","Sebastes melanostictus"
"87","ASV1076","Sebastes melanostictus"
"88","ASV1077","Sebastes melanostictus"
"89","ASV1078","Sebastes melanostictus"
"90","ASV1079","Sebastes borealis"
"91","ASV108","Sebastes alutus"
"92","ASV1080","Sebastes borealis"
"93","ASV1081","Sebastes alutus"
"94","ASV1082","Sebastes proriger"
"95","ASV1083","Sebastes proriger"
"96","ASV1084","Sebastes melanostictus"
"97","ASV1085","Sebastes borealis"
"98","ASV1086","Sebastes proriger"
"99","ASV1087","Sebastes melanostictus"
"100","ASV1088","Sebastes melanostictus"
"101","ASV1089","Sebastes melanostictus"
"102","ASV109","Sebastes alutus"
"103","ASV1090","Sebastes crameri"
"104","ASV1091","Sebastes crameri"
"105","ASV1092","Sebastes crameri"
"106","ASV1093","Sebastes melanostictus"
"107","ASV1094","Sebastes melanostictus"
"108","ASV1095","Sebastes borealis"
"109","ASV1096","Sebastes borealis"
"110","ASV1097","Sebastes zacentrus"
"111","ASV1098","Sebastes proriger"
"112","ASV1099","Sebastes proriger"
"113","ASV11","Sebastes melanostictus"
"114","ASV110","Sebastes alutus"
"115","ASV1100","Sebastes wilsoni"
"116","ASV1101","Sebastes wilsoni"
"117","ASV1102","Sebastes melanostictus"
"118","ASV1103","Sebastes alutus"
"119","ASV1104","Sebastes melanostictus"
"120","ASV1105","Sebastes alutus"
"121","ASV1106","Sebastes crameri"
"122","ASV1107","Sebastes crameri"
"123","ASV1108","Sebastes crameri"
"124","ASV1109","Sebastes melanostictus"
"125","ASV111","Sebastes alutus"
"126","ASV1110","Sebastes melanostictus"
"127","ASV1111","Sebastes melanostictus"
"128","ASV1112","Sebastes melanostictus"
"129","ASV1113","Sebastes alutus"
"130","ASV1114","Sebastes alutus"
"131","ASV1115","Sebastes alutus"
"132","ASV1116","Sebastes alutus"
"133","ASV1117","Sebastes zacentrus"
"134","ASV1118","Sebastes zacentrus"
"135","ASV1119","Sebastes proriger"
"136","ASV112","Sebastes alutus"
"137","ASV1120","Sebastes proriger"
"138","ASV1121","Sebastes proriger"
"139","ASV1122","Sebastes carnatus"
"140","ASV1123","Sebastes zacentrus"
"141","ASV1124","Sebastes melanostictus"
"142","ASV1125","Sebastes melanostictus"
"143","ASV1126","Sebastes melanostictus"
"144","ASV1127","Sebastes melanostictus"
"145","ASV1128","Sebastes alutus"
"146","ASV1129","Sebastes crameri"
"147","ASV113","Sebastes alutus"
"148","ASV1130","Sebastes crameri"
"149","ASV1131","Sebastes melanostictus"
"150","ASV1132","Sebastes melanostictus"
"151","ASV1133","Sebastes melanostictus"
"152","ASV1134","Sebastes melanostictus"
"153","ASV1135","Sebastes borealis"
"154","ASV1136","Sebastes alutus"
"155","ASV1137","Sebastes zacentrus"
"156","ASV1138","Sebastes zacentrus"
"157","ASV1139","Sebastes zacentrus"
"158","ASV114","Sebastes alutus"
"159","ASV1140","Sebastes zacentrus"
"160","ASV1141","Sebastes zacentrus"
"161","ASV1142","Sebastes proriger"
"162","ASV1143","Sebastes proriger"
"163","ASV1144","Sebastes wilsoni"
"164","ASV1145","Sebastes wilsoni"
"165","ASV1146","Sebastolobus alascanus"
"166","ASV1147","Sebastes melanostictus"
"167","ASV1148","Sebastes melanostictus"
"168","ASV1149","Sebastes melanostictus"
"169","ASV115","Sebastes alutus"
"170","ASV1150","Sebastes crameri"
"171","ASV1151","Sebastes crameri"
"172","ASV1152","Sebastes melanostictus"
"173","ASV1153","Sebastes melanostictus"
"174","ASV1154","Sebastes melanostictus"
"175","ASV1155","Sebastes borealis"
"176","ASV1156","Sebastes borealis"
"177","ASV1157","Sebastes alutus"
"178","ASV1158","Sebastes alutus"
"179","ASV1159","Sebastes alutus"
"180","ASV116","Sebastes alutus"
"181","ASV1160","Sebastes borealis"
"182","ASV1161","Sebastes zacentrus"
"183","ASV1162","Sebastes proriger"
"184","ASV1163","Sebastes melanostictus"
"185","ASV1164","Sebastolobus alascanus"
"186","ASV1165","Sebastes carnatus"
"187","ASV1166","Sebastes proriger"
"188","ASV1167","Sebastes melanostictus"
"189","ASV1168","Sebastes melanostictus"
"190","ASV1169","Sebastes melanostictus"
"191","ASV117","Sebastes alutus"
"192","ASV1170","Sebastes crameri"
"193","ASV1171","Sebastes melanostictus"
"194","ASV1172","Sebastes melanostictus"
"195","ASV1173","Sebastes melanostictus"
"196","ASV1174","Sebastes melanostictus"
"197","ASV1175","Sebastes borealis"
"198","ASV1176","Sebastes borealis"
"199","ASV1177","Sebastes borealis"
"200","ASV1178","Sebastes borealis"
"201","ASV1179","Sebastes borealis"
"202","ASV118","Sebastes alutus"
"203","ASV1180","Sebastes alutus"
"204","ASV1181","Sebastes alutus"
"205","ASV1182","Sebastes alutus"
"206","ASV1183","Sebastes alutus"
"207","ASV1184","Sebastes zacentrus"
"208","ASV1185","Sebastes zacentrus"
"209","ASV1186","Sebastes zacentrus"
"210","ASV1187","Sebastes zacentrus"
"211","ASV1188","Sebastes proriger"
"212","ASV1189","Sebastes proriger"
"213","ASV119","Sebastes proriger"
"214","ASV1190","Sebastes proriger"
"215","ASV1191","Sebastes melanostictus"
"216","ASV1192","Sebastes melanostictus"
"217","ASV1193","Sebastolobus alascanus"
"218","ASV1194","Sebastolobus alascanus"
"219","ASV1195","Sebastes zacentrus"
"220","ASV1196","Sebastes crameri"
"221","ASV1197","Sebastes crameri"
"222","ASV1198","Sebastes crameri"
"223","ASV1199","Sebastes crameri"
"224","ASV12","Sebastes alutus"
"225","ASV120","Sebastes alutus"
"226","ASV1200","Sebastes melanostictus"
"227","ASV1201","Sebastes melanostictus"
"228","ASV1202","Sebastes melanostictus"
"229","ASV1203","Sebastes melanostictus"
"230","ASV1204","Sebastes borealis"
"231","ASV1205","Sebastes borealis"
"232","ASV1206","Sebastes alutus"
"233","ASV1207","Sebastes alutus"
"234","ASV1208","Sebastes zacentrus"
"235","ASV1209","Sebastes zacentrus"
"236","ASV121","Sebastes alutus"
"237","ASV1210","Sebastes zacentrus"
"238","ASV1211","Sebastes proriger"
"239","ASV1212","Sebastes wilsoni"
"240","ASV1213","Sebastes wilsoni"
"241","ASV1214","Sebastes melanostictus"
"242","ASV1216","Sebastes proriger"
"243","ASV1217","Sebastes melanostictus"
"244","ASV1218","Sebastes melanostictus"
"245","ASV1219","Sebastes crameri"
"246","ASV122","Sebastes proriger"
"247","ASV1220","Sebastes melanostictus"
"248","ASV1221","Sebastes alutus"
"249","ASV1222","Sebastes alutus"
"250","ASV1223","Sebastes alutus"
"251","ASV1224","Sebastes zacentrus"
"252","ASV1225","Sebastes proriger"
"253","ASV1226","Sebastes proriger"
"254","ASV1227","Sebastes wilsoni"
"255","ASV1228","Sebastes melanostictus"
"256","ASV1229","Sebastes alutus"
"257","ASV123","Sebastes alutus"
"258","ASV1230","Sebastolobus alascanus"
"259","ASV1231","Sebastolobus alascanus"
"260","ASV1232","Sebastolobus alascanus"
"261","ASV1233","Sebastes carnatus"
"262","ASV1234","Sebastes melanostictus"
"263","ASV1235","Sebastes alutus"
"264","ASV1236","Sebastes crameri"
"265","ASV1237","Sebastes crameri"
"266","ASV1238","Sebastes crameri"
"267","ASV1239","Sebastes crameri"
"268","ASV124","Sebastes alutus"
"269","ASV1240","Sebastes borealis"
"270","ASV1241","Sebastes borealis"
"271","ASV1242","Sebastes borealis"
"272","ASV1243","Sebastes borealis"
"273","ASV1244","Sebastes borealis"
"274","ASV1245","Sebastes alutus"
"275","ASV1246","Sebastes alutus"
"276","ASV1247","Sebastes alutus"
"277","ASV1248","Sebastes alutus"
"278","ASV1249","Sebastes zacentrus"
"279","ASV125","Sebastes alutus"
"280","ASV1250","Sebastes zacentrus"
"281","ASV1251","Sebastes zacentrus"
"282","ASV1252","Sebastes proriger"
"283","ASV1253","Sebastes proriger"
"284","ASV1254","Sebastes proriger"
"285","ASV1255","Sebastes proriger"
"286","ASV1256","Sebastes proriger"
"287","ASV1257","Sebastes wilsoni"
"288","ASV1258","Sebastes wilsoni"
"289","ASV1259","Sebastes proriger"
"290","ASV126","Sebastes alutus"
"291","ASV1260","Sebastes melanostictus"
"292","ASV1261","Sebastes melanostictus"
"293","ASV1262","Sebastes melanostictus"
"294","ASV1263","Sebastes carnatus"
"295","ASV1264","Sebastes melanostictus"
"296","ASV1265","Sebastes melanostictus"
"297","ASV1266","Sebastes melanostictus"
"298","ASV1267","Sebastes melanostictus"
"299","ASV1268","Sebastes crameri"
"300","ASV1269","Sebastes borealis"
"301","ASV127","Sebastes proriger"
"302","ASV1270","Sebastes alutus"
"303","ASV1271","Sebastes proriger"
"304","ASV1272","Sebastes wilsoni"
"305","ASV1273","Sebastes wilsoni"
"306","ASV1274","Sebastes wilsoni"
"307","ASV1275","Sebastes wilsoni"
"308","ASV1276","Sebastes melanostictus"
"309","ASV1277","Sebastolobus alascanus"
"310","ASV1278","Sebastolobus alascanus"
"311","ASV1279","Sebastolobus alascanus"
"312","ASV128","Sebastes alutus"
"313","ASV1280","Sebastolobus alascanus"
"314","ASV1281","Sebastolobus alascanus"
"315","ASV1282","Sebastes carnatus"
"316","ASV1283","Sebastes zacentrus"
"317","ASV1284","Sebastes zacentrus"
"318","ASV1285","Sebastes melanostictus"
"319","ASV1286","Sebastes crameri"
"320","ASV1287","Sebastes crameri"
"321","ASV1288","Sebastes crameri"
"322","ASV1289","Sebastes melanostictus"
"323","ASV129","Sebastes melanostictus"
"324","ASV1290","Sebastes melanostictus"
"325","ASV1291","Sebastes melanostictus"
"326","ASV1292","Sebastes melanostictus"
"327","ASV1293","Sebastes melanostictus"
"328","ASV1294","Sebastes melanostictus"
"329","ASV1295","Sebastes borealis"
"330","ASV1296","Sebastes borealis"
"331","ASV1297","Sebastes borealis"
"332","ASV1298","Sebastes alutus"
"333","ASV1299","Sebastes alutus"
"334","ASV13","Sebastes borealis"
"335","ASV130","Sebastes proriger"
"336","ASV1300","Sebastes alutus"
"337","ASV1301","Sebastes alutus"
"338","ASV1302","Sebastes alutus"
"339","ASV1303","Sebastes borealis"
"340","ASV1304","Sebastes zacentrus"
"341","ASV1305","Sebastes zacentrus"
"342","ASV1306","Sebastes zacentrus"
"343","ASV1307","Sebastes zacentrus"
"344","ASV1308","Sebastes proriger"
"345","ASV1309","Sebastes wilsoni"
"346","ASV131","Sebastes alutus"
"347","ASV1310","Sebastes melanostictus"
"348","ASV1311","Sebastes borealis"
"349","ASV1312","Sebastes carnatus"
"350","ASV1313","Sebastolobus alascanus"
"351","ASV1314","Sebastes zacentrus"
"352","ASV1315","Sebastes melanostictus"
"353","ASV1316","Sebastes melanostictus"
"354","ASV1317","Sebastes crameri"
"355","ASV1318","Sebastes crameri"
"356","ASV1319","Sebastes melanostictus"
"357","ASV132","Sebastes proriger"
"358","ASV1320","Sebastes melanostictus"
"359","ASV1321","Sebastes melanostictus"
"360","ASV1322","Sebastes melanostictus"
"361","ASV1323","Sebastes melanostictus"
"362","ASV1324","Sebastes melanostictus"
"363","ASV1325","Sebastes borealis"
"364","ASV1326","Sebastes borealis"
"365","ASV1327","Sebastes borealis"
"366","ASV1328","Sebastes borealis"
"367","ASV1329","Sebastes borealis"
"368","ASV133","Sebastes proriger"
"369","ASV1330","Sebastes borealis"
"370","ASV1331","Sebastes alutus"
"371","ASV1332","Sebastes zacentrus"
"372","ASV1333","Sebastes proriger"
"373","ASV1334","Sebastes wilsoni"
"374","ASV1335","Sebastes wilsoni"
"375","ASV1336","Sebastes wilsoni"
"376","ASV1337","Sebastes wilsoni"
"377","ASV1338","Sebastes melanostictus"
"378","ASV1339","Sebastes melanostictus"
"379","ASV134","Sebastes proriger"
"380","ASV1340","Sebastes melanostictus"
"381","ASV1341","Sebastes melanostictus"
"382","ASV1342","Sebastes melanostictus"
"383","ASV1343","Sebastolobus alascanus"
"384","ASV1344","Sebastes borealis"
"385","ASV1345","Sebastes melanostictus"
"386","ASV1346","Sebastes crameri"
"387","ASV1347","Sebastes melanostictus"
"388","ASV1348","Sebastes melanostictus"
"389","ASV1349","Sebastes melanostictus"
"390","ASV135","Sebastes proriger"
"391","ASV1350","Sebastes melanostictus"
"392","ASV1351","Sebastes melanostictus"
"393","ASV1352","Sebastes borealis"
"394","ASV1353","Sebastes zacentrus"
"395","ASV1354","Sebastes zacentrus"
"396","ASV1355","Sebastes zacentrus"
"397","ASV1356","Sebastes wilsoni"
"398","ASV1357","Sebastes wilsoni"
"399","ASV1358","Sebastes wilsoni"
"400","ASV1359","Sebastes wilsoni"
"401","ASV1360","Sebastes wilsoni"
"402","ASV1361","Sebastes proriger"
"403","ASV1362","Sebastes melanostictus"
"404","ASV1363","Sebastes melanostictus"
"405","ASV1364","Sebastolobus alascanus"
"406","ASV1365","Sebastolobus alascanus"
"407","ASV1366","Sebastolobus alascanus"
"408","ASV1367","Sebastes borealis"
"409","ASV1368","Sebastolobus alascanus"
"410","ASV1369","Sebastes melanostictus"
"411","ASV137","Sebastes proriger"
"412","ASV1370","Sebastes crameri"
"413","ASV1371","Sebastes borealis"
"414","ASV1372","Sebastes borealis"
"415","ASV1373","Sebastes borealis"
"416","ASV1374","Sebastes alutus"
"417","ASV1375","Sebastes zacentrus"
"418","ASV1376","Sebastes zacentrus"
"419","ASV1377","Sebastes proriger"
"420","ASV1378","Sebastes wilsoni"
"421","ASV1379","Sebastes wilsoni"
"422","ASV138","Sebastes proriger"
"423","ASV1380","Sebastes proriger"
"424","ASV1381","Sebastes melanostictus"
"425","ASV1382","Sebastes melanostictus"
"426","ASV1383","Sebastes borealis"
"427","ASV1384","Sebastes borealis"
"428","ASV1385","Sebastes carnatus"
"429","ASV1386","Sebastes carnatus"
"430","ASV1387","Sebastes zacentrus"
"431","ASV1388","Sebastes zacentrus"
"432","ASV1389","Sebastes zacentrus"
"433","ASV139","Sebastes proriger"
"434","ASV1390","Sebastes melanostictus"
"435","ASV1391","Sebastes melanostictus"
"436","ASV1392","Sebastes melanostictus"
"437","ASV1393","Sebastes melanostictus"
"438","ASV1394","Sebastes borealis"
"439","ASV1395","Sebastes borealis"
"440","ASV1396","Sebastes borealis"
"441","ASV1397","Sebastes alutus"
"442","ASV1398","Sebastes zacentrus"
"443","ASV1399","Sebastes zacentrus"
"444","ASV14","Sebastes melanostictus"
"445","ASV140","Sebastes proriger"
"446","ASV1400","Sebastes zacentrus"
"447","ASV1401","Sebastes proriger"
"448","ASV1402","Sebastes proriger"
"449","ASV1403","Sebastes proriger"
"450","ASV1404","Sebastes proriger"
"451","ASV1405","Sebastes proriger"
"452","ASV1407","Sebastes wilsoni"
"453","ASV1408","Sebastes wilsoni"
"454","ASV1409","Sebastes melanostictus"
"455","ASV141","Sebastes alutus"
"456","ASV1410","Sebastes melanostictus"
"457","ASV1411","Sebastes melanostictus"
"458","ASV1412","Sebastes melanostictus"
"459","ASV1413","Sebastes mystinus"
"460","ASV1414","Sebastes carnatus"
"461","ASV1415","Sebastes zacentrus"
"462","ASV1416","Sebastes proriger"
"463","ASV1417","Sebastes melanostictus"
"464","ASV1418","Sebastes melanostictus"
"465","ASV1419","Sebastes melanostictus"
"466","ASV142","Sebastes proriger"
"467","ASV1420","Sebastes melanostictus"
"468","ASV1421","Sebastes melanostictus"
"469","ASV1422","Sebastes melanostictus"
"470","ASV1423","Sebastes crameri"
"471","ASV1424","Sebastes melanostictus"
"472","ASV1425","Sebastes melanostictus"
"473","ASV1426","Sebastes alutus"
"474","ASV1427","Sebastes alutus"
"475","ASV1428","Sebastes alutus"
"476","ASV1429","Sebastes borealis"
"477","ASV143","Sebastes proriger"
"478","ASV1430","Sebastes borealis"
"479","ASV1431","Sebastes alutus"
"480","ASV1432","Sebastes zacentrus"
"481","ASV1433","Sebastes zacentrus"
"482","ASV1434","Sebastes proriger"
"483","ASV1435","Sebastes wilsoni"
"484","ASV1436","Sebastes proriger"
"485","ASV1437","Sebastes proriger"
"486","ASV1438","Sebastes melanostictus"
"487","ASV1439","Sebastes melanostictus"
"488","ASV144","Sebastes alutus"
"489","ASV1440","Sebastes melanostictus"
"490","ASV1441","Sebastes melanostictus"
"491","ASV1442","Sebastolobus alascanus"
"492","ASV1443","Sebastolobus alascanus"
"493","ASV1444","Sebastolobus alascanus"
"494","ASV1445","Sebastes melanostictus"
"495","ASV1446","Sebastes crameri"
"496","ASV1447","Sebastes crameri"
"497","ASV1448","Sebastes crameri"
"498","ASV1449","Sebastes crameri"
"499","ASV145","Sebastes proriger"
"500","ASV1450","Sebastes melanostictus"
"501","ASV1451","Sebastes melanostictus"
"502","ASV1452","Sebastes melanostictus"
"503","ASV1453","Sebastes melanostictus"
"504","ASV1454","Sebastes borealis"
"505","ASV1455","Sebastes borealis"
"506","ASV1456","Sebastes alutus"
"507","ASV1457","Sebastes alutus"
"508","ASV1458","Sebastes alutus"
"509","ASV1459","Sebastes zacentrus"
"510","ASV146","Sebastes proriger"
"511","ASV1460","Sebastes zacentrus"
"512","ASV1461","Sebastes wilsoni"
"513","ASV1462","Sebastes melanostictus"
"514","ASV1463","Sebastes melanostictus"
"515","ASV1464","Sebastes melanostictus"
"516","ASV1465","Sebastes melanostictus"
"517","ASV1466","Sebastolobus alascanus"
"518","ASV1467","Sebastolobus alascanus"
"519","ASV1468","Sebastes carnatus"
"520","ASV1469","Sebastolobus alascanus"
"521","ASV147","Sebastes proriger"
"522","ASV1470","Sebastes zacentrus"
"523","ASV1471","Sebastes zacentrus"
"524","ASV1472","Sebastes proriger"
"525","ASV1473","Sebastes melanostictus"
"526","ASV1474","Sebastes melanostictus"
"527","ASV1475","Sebastes crameri"
"528","ASV1476","Sebastes melanostictus"
"529","ASV1477","Sebastes melanostictus"
"530","ASV1478","Sebastes alutus"
"531","ASV1479","Sebastes borealis"
"532","ASV148","Sebastes proriger"
"533","ASV1481","Sebastes zacentrus"
"534","ASV1482","Sebastes zacentrus"
"535","ASV1483","Sebastes zacentrus"
"536","ASV1484","Sebastes proriger"
"537","ASV1485","Sebastes wilsoni"
"538","ASV1486","Sebastes wilsoni"
"539","ASV1487","Sebastes wilsoni"
"540","ASV1488","Sebastes proriger"
"541","ASV1489","Sebastes melanostictus"
"542","ASV149","Sebastes proriger"
"543","ASV1490","Sebastes alutus"
"544","ASV1491","Sebastolobus alascanus"
"545","ASV1492","Sebastes carnatus"
"546","ASV1493","Sebastes carnatus"
"547","ASV1494","Sebastes zacentrus"
"548","ASV1495","Sebastes zacentrus"
"549","ASV1496","Sebastes melanostictus"
"550","ASV1497","Sebastes melanostictus"
"551","ASV1498","Sebastes melanostictus"
"552","ASV1499","Sebastes borealis"
"553","ASV15","Sebastes crameri"
"554","ASV150","Sebastes alutus"
"555","ASV1500","Sebastes alutus"
"556","ASV1501","Sebastes alutus"
"557","ASV1502","Sebastes borealis"
"558","ASV1503","Sebastolobus alascanus"
"559","ASV1504","Sebastes zacentrus"
"560","ASV1505","Sebastes zacentrus"
"561","ASV1506","Sebastes proriger"
"562","ASV1507","Sebastes proriger"
"563","ASV1508","Sebastes melanostictus"
"564","ASV1509","Sebastes melanostictus"
"565","ASV151","Sebastes alutus"
"566","ASV1510","Sebastes melanostictus"
"567","ASV1511","Sebastes melanostictus"
"568","ASV1512","Sebastolobus alascanus"
"569","ASV1513","Sebastolobus alascanus"
"570","ASV1514","Sebastolobus alascanus"
"571","ASV1515","Sebastolobus alascanus"
"572","ASV1516","Sebastolobus alascanus"
"573","ASV1517","Sebastolobus alascanus"
"574","ASV1518","Sebastes borealis"
"575","ASV1519","Sebastes carnatus"
"576","ASV152","Sebastes proriger"
"577","ASV1520","Sebastes carnatus"
"578","ASV1521","Sebastes carnatus"
"579","ASV1522","Sebastolobus alascanus"
"580","ASV1523","Sebastes alutus"
"581","ASV1524","Sebastes melanostictus"
"582","ASV1525","Sebastes melanostictus"
"583","ASV1526","Sebastes crameri"
"584","ASV1527","Sebastes melanostictus"
"585","ASV1528","Sebastes borealis"
"586","ASV1529","Sebastes borealis"
"587","ASV153","Sebastes proriger"
"588","ASV1530","Sebastes borealis"
"589","ASV1531","Sebastes borealis"
"590","ASV1532","Sebastes zacentrus"
"591","ASV1533","Sebastes proriger"
"592","ASV1534","Sebastes wilsoni"
"593","ASV1535","Sebastes melanostictus"
"594","ASV1536","Sebastes melanostictus"
"595","ASV1537","Sebastolobus alascanus"
"596","ASV1538","Sebastolobus alascanus"
"597","ASV1539","Sebastolobus alascanus"
"598","ASV154","Sebastes alutus"
"599","ASV1540","Sebastolobus alascanus"
"600","ASV1541","Sebastes carnatus"
"601","ASV1542","Sebastes carnatus"
"602","ASV1543","Sebastes crameri"
"603","ASV1544","Sebastes crameri"
"604","ASV1545","Sebastes melanostictus"
"605","ASV1546","Sebastes melanostictus"
"606","ASV1547","Sebastes alutus"
"607","ASV1548","Sebastes borealis"
"608","ASV1549","Sebastes zacentrus"
"609","ASV155","Sebastes alutus"
"610","ASV1550","Sebastes proriger"
"611","ASV1551","Sebastes proriger"
"612","ASV1552","Sebastes wilsoni"
"613","ASV1553","Sebastes wilsoni"
"614","ASV1554","Sebastes melanostictus"
"615","ASV1555","Sebastolobus alascanus"
"616","ASV1556","Sebastolobus alascanus"
"617","ASV1557","Sebastolobus alascanus"
"618","ASV1559","Sebastes carnatus"
"619","ASV156","Sebastes alutus"
"620","ASV1560","Sebastolobus alascanus"
"621","ASV1561","Sebastes zacentrus"
"622","ASV1562","Sebastes zacentrus"
"623","ASV1563","Sebastes alutus"
"624","ASV1564","Sebastes melanostictus"
"625","ASV1565","Sebastes crameri"
"626","ASV1566","Sebastes crameri"
"627","ASV1567","Sebastes borealis"
"628","ASV1568","Sebastes borealis"
"629","ASV1569","Sebastes borealis"
"630","ASV157","Sebastes alutus"
"631","ASV1570","Sebastes borealis"
"632","ASV1571","Sebastes zacentrus"
"633","ASV1572","Sebastes zacentrus"
"634","ASV1573","Sebastes proriger"
"635","ASV1574","Sebastes proriger"
"636","ASV1575","Sebastes melanostictus"
"637","ASV1576","Sebastes melanostictus"
"638","ASV1577","Sebastes melanostictus"
"639","ASV1578","Sebastes melanostictus"
"640","ASV1579","Sebastes melanostictus"
"641","ASV158","Sebastes proriger"
"642","ASV1580","Sebastes melanostictus"
"643","ASV1581","Sebastes melanostictus"
"644","ASV1582","Sebastes melanostictus"
"645","ASV1583","Sebastes alutus"
"646","ASV1584","Sebastolobus alascanus"
"647","ASV1585","Sebastolobus alascanus"
"648","ASV1586","Sebastes borealis"
"649","ASV1587","Sebastes carnatus"
"650","ASV1588","Sebastes carnatus"
"651","ASV1589","Sebastes carnatus"
"652","ASV159","Sebastes proriger"
"653","ASV1590","Sebastes carnatus"
"654","ASV1591","Sebastes proriger"
"655","ASV1592","Sebastes melanostictus"
"656","ASV1593","Sebastes melanostictus"
"657","ASV1594","Sebastes melanostictus"
"658","ASV1595","Sebastes borealis"
"659","ASV1596","Sebastes zacentrus"
"660","ASV1597","Sebastes wilsoni"
"661","ASV1598","Sebastes proriger"
"662","ASV1599","Sebastes melanostictus"
"663","ASV16","Sebastolobus alascanus"
"664","ASV160","Sebastes proriger"
"665","ASV1600","Sebastes melanostictus"
"666","ASV1601","Sebastes melanostictus"
"667","ASV1602","Sebastes melanostictus"
"668","ASV1603","Sebastolobus alascanus"
"669","ASV1604","Sebastolobus alascanus"
"670","ASV1605","Sebastolobus alascanus"
"671","ASV1606","Sebastes carnatus"
"672","ASV1607","Sebastes carnatus"
"673","ASV1608","Sebastes carnatus"
"674","ASV1609","Sebastes carnatus"
"675","ASV161","Sebastes alutus"
"676","ASV1610","Sebastes zacentrus"
"677","ASV1611","Sebastes melanostictus"
"678","ASV1612","Sebastes melanostictus"
"679","ASV1613","Sebastes borealis"
"680","ASV1614","Sebastes borealis"
"681","ASV1615","Sebastes borealis"
"682","ASV1616","Sebastolobus alascanus"
"683","ASV1617","Sebastes proriger"
"684","ASV1618","Sebastes melanostictus"
"685","ASV1619","Sebastes melanostictus"
"686","ASV162","Sebastes proriger"
"687","ASV1620","Sebastes melanostictus"
"688","ASV1621","Sebastes melanostictus"
"689","ASV1622","Sebastes melanostictus"
"690","ASV1623","Sebastes melanostictus"
"691","ASV1624","Sebastes melanostictus"
"692","ASV1625","Sebastes borealis"
"693","ASV1626","Sebastolobus alascanus"
"694","ASV1627","Sebastes zacentrus"
"695","ASV1628","Sebastes zacentrus"
"696","ASV1629","Sebastes melanostictus"
"697","ASV163","Sebastes proriger"
"698","ASV1630","Sebastes borealis"
"699","ASV1631","Sebastes borealis"
"700","ASV1632","Sebastes borealis"
"701","ASV1633","Sebastes borealis"
"702","ASV1634","Sebastes zacentrus"
"703","ASV1635","Sebastes zacentrus"
"704","ASV1636","Sebastes wilsoni"
"705","ASV1637","Sebastes proriger"
"706","ASV1638","Sebastes melanostictus"
"707","ASV1639","Sebastes melanostictus"
"708","ASV164","Sebastes alutus"
"709","ASV1640","Sebastes melanostictus"
"710","ASV1641","Sebastes borealis"
"711","ASV1642","Sebastes carnatus"
"712","ASV1643","Sebastolobus alascanus"
"713","ASV1644","Sebastolobus alascanus"
"714","ASV1645","Sebastes zacentrus"
"715","ASV1646","Sebastes proriger"
"716","ASV1647","Sebastes proriger"
"717","ASV1648","Sebastes melanostictus"
"718","ASV1649","Sebastes melanostictus"
"719","ASV165","Sebastes alutus"
"720","ASV1650","Sebastes proriger"
"721","ASV1651","Sebastes melanostictus"
"722","ASV1652","Sebastes melanostictus"
"723","ASV1653","Sebastes melanostictus"
"724","ASV1654","Sebastes alutus"
"725","ASV1655","Sebastes melanostictus"
"726","ASV1656","Sebastolobus alascanus"
"727","ASV1657","Sebastolobus alascanus"
"728","ASV1658","Sebastolobus alascanus"
"729","ASV1659","Sebastolobus alascanus"
"730","ASV166","Sebastes alutus"
"731","ASV1660","Sebastolobus alascanus"
"732","ASV1661","Sebastolobus alascanus"
"733","ASV1662","Sebastolobus alascanus"
"734","ASV1663","Sebastolobus alascanus"
"735","ASV1664","Sebastes zacentrus"
"736","ASV1665","Sebastes proriger"
"737","ASV1666","Sebastes crameri"
"738","ASV1667","Sebastes melanostictus"
"739","ASV1668","Sebastes borealis"
"740","ASV1669","Sebastes melanostictus"
"741","ASV167","Sebastes proriger"
"742","ASV1670","Sebastes melanostictus"
"743","ASV1671","Sebastes melanostictus"
"744","ASV1672","Sebastes melanostictus"
"745","ASV1673","Sebastes melanostictus"
"746","ASV1674","Sebastes alutus"
"747","ASV1675","Sebastolobus alascanus"
"748","ASV1676","Sebastolobus alascanus"
"749","ASV1677","Sebastolobus alascanus"
"750","ASV1678","Sebastes carnatus"
"751","ASV1679","Sebastes zacentrus"
"752","ASV168","Sebastes proriger"
"753","ASV1680","Sebastes melanostictus"
"754","ASV1681","Sebastes melanostictus"
"755","ASV1682","Sebastes zacentrus"
"756","ASV1683","Sebastes wilsoni"
"757","ASV1684","Sebastes melanostictus"
"758","ASV1685","Sebastes melanostictus"
"759","ASV1686","Sebastolobus alascanus"
"760","ASV1687","Sebastolobus alascanus"
"761","ASV1688","Sebastes carnatus"
"762","ASV1689","Sebastes carnatus"
"763","ASV169","Sebastes melanostictus"
"764","ASV1690","Sebastolobus alascanus"
"765","ASV1691","Sebastes melanostictus"
"766","ASV1692","Sebastes melanostictus"
"767","ASV1693","Sebastes melanostictus"
"768","ASV1694","Sebastes melanostictus"
"769","ASV1695","Sebastes melanostictus"
"770","ASV1696","Sebastes melanostictus"
"771","ASV1697","Sebastolobus alascanus"
"772","ASV1698","Sebastolobus alascanus"
"773","ASV1699","Sebastolobus alascanus"
"774","ASV17","Sebastes melanostictus"
"775","ASV170","Sebastes proriger"
"776","ASV1700","Sebastolobus alascanus"
"777","ASV1701","Sebastolobus alascanus"
"778","ASV1702","Sebastes melanostictus"
"779","ASV1703","Sebastes melanostictus"
"780","ASV1704","Sebastes borealis"
"781","ASV1705","Sebastes melanostictus"
"782","ASV1706","Sebastes melanostictus"
"783","ASV1707","Sebastes melanostictus"
"784","ASV1708","Sebastes melanostictus"
"785","ASV1709","Sebastes melanostictus"
"786","ASV171","Sebastes alutus"
"787","ASV1710","Sebastes melanostictus"
"788","ASV1711","Sebastes alutus"
"789","ASV1712","Sebastolobus alascanus"
"790","ASV1713","Sebastes melanostictus"
"791","ASV1714","Sebastes melanostictus"
"792","ASV1715","Sebastes melanostictus"
"793","ASV1716","Sebastes crameri"
"794","ASV1717","Sebastes borealis"
"795","ASV1718","Sebastolobus alascanus"
"796","ASV1719","Sebastes carnatus"
"797","ASV172","Sebastes proriger"
"798","ASV1720","Sebastes zacentrus"
"799","ASV1721","Sebastolobus alascanus"
"800","ASV1722","Sebastolobus alascanus"
"801","ASV1723","Sebastes wilsoni"
"802","ASV1724","Sebastes proriger"
"803","ASV1725","Sebastes melanostictus"
"804","ASV1726","Sebastes melanostictus"
"805","ASV1727","Sebastes carnatus"
"806","ASV1728","Sebastes melanops"
"807","ASV1729","Sebastes melanostictus"
"808","ASV173","Sebastes proriger"
"809","ASV1730","Sebastes wilsoni"
"810","ASV1731","Sebastes melanostictus"
"811","ASV1732","Sebastes melanostictus"
"812","ASV1733","Sebastolobus alascanus"
"813","ASV1734","Sebastes carnatus"
"814","ASV1735","Sebastolobus alascanus"
"815","ASV1736","Sebastolobus alascanus"
"816","ASV1737","Sebastes melanostictus"
"817","ASV1738","Sebastes alutus"
"818","ASV1739","Sebastes alutus"
"819","ASV174","Sebastes proriger"
"820","ASV1740","Sebastes zacentrus"
"821","ASV1741","Sebastes alutus"
"822","ASV1742","Sebastes melanostictus"
"823","ASV1743","Sebastes carnatus"
"824","ASV1744","Sebastes melanostictus"
"825","ASV1745","Sebastes alutus"
"826","ASV1746","Sebastes melanostictus"
"827","ASV1747","Sebastolobus alascanus"
"828","ASV1748","Sebastes alutus"
"829","ASV1749","Sebastes borealis"
"830","ASV175","Sebastes proriger"
"831","ASV1752","Sebastes wilsoni"
"832","ASV1755","Sebastes proriger"
"833","ASV1756","Sebastes melanostictus"
"834","ASV1758","Sebastes mystinus"
"835","ASV1759","Sebastes alutus"
"836","ASV176","Sebastes proriger"
"837","ASV1760","Sebastes melanostictus"
"838","ASV1761","Sebastes proriger"
"839","ASV1762","Sebastes melanostictus"
"840","ASV1763","Sebastes melanostictus"
"841","ASV1764","Sebastes carnatus"
"842","ASV1765","Sebastes zacentrus"
"843","ASV1766","Sebastes wilsoni"
"844","ASV1767","Sebastes melanostictus"
"845","ASV1768","Sebastolobus alascanus"
"846","ASV1769","Sebastolobus alascanus"
"847","ASV1771","Sebastes melanostictus"
"848","ASV1772","Sebastes alutus"
"849","ASV1773","Sebastes melanostictus"
"850","ASV1774","Sebastes miniatus"
"851","ASV1775","Sebastes borealis"
"852","ASV1776","Sebastes melanostictus"
"853","ASV1779","Sebastes miniatus"
"854","ASV178","Sebastes proriger"
"855","ASV1780","Sebastes mystinus"
"856","ASV1781","Sebastes melanostictus"
"857","ASV1782","Sebastes melanostictus"
"858","ASV1785","Sebastes melanostictus"
"859","ASV1787","Sebastes carnatus"
"860","ASV1788","Sebastolobus alascanus"
"861","ASV1789","Sebastolobus alascanus"
"862","ASV179","Sebastes proriger"
"863","ASV1790","Sebastes melanostictus"
"864","ASV1791","Sebastolobus alascanus"
"865","ASV1792","Sebastes alutus"
"866","ASV1793","Sebastolobus alascanus"
"867","ASV1795","Sebastes melanostictus"
"868","ASV1796","Sebastes crameri"
"869","ASV1797","Sebastolobus alascanus"
"870","ASV1798","Sebastes alutus"
"871","ASV1799","Sebastes mystinus"
"872","ASV18","Sebastes proriger"
"873","ASV180","Sebastes alutus"
"874","ASV1800","Sebastes proriger"
"875","ASV1801","Sebastolobus alascanus"
"876","ASV1802","Sebastes zacentrus"
"877","ASV1803","Sebastes wilsoni"
"878","ASV1805","Sebastes borealis"
"879","ASV1808","Sebastes proriger"
"880","ASV1809","Sebastolobus alascanus"
"881","ASV181","Sebastes proriger"
"882","ASV1810","Sebastes alutus"
"883","ASV1811","Sebastes melanostictus"
"884","ASV1812","Sebastolobus alascanus"
"885","ASV1813","Sebastes melanostictus"
"886","ASV1814","Sebastes melanostictus"
"887","ASV1815","Sebastes borealis"
"888","ASV1816","Sebastes zacentrus"
"889","ASV1818","Sebastes melanostictus"
"890","ASV1819","Sebastes zacentrus"
"891","ASV182","Sebastes proriger"
"892","ASV1820","Sebastolobus alascanus"
"893","ASV1821","Sebastes melanostictus"
"894","ASV1822","Sebastes melanostictus"
"895","ASV1823","Sebastes alutus"
"896","ASV1824","Sebastolobus alascanus"
"897","ASV1825","Sebastes proriger"
"898","ASV1826","Sebastolobus alascanus"
"899","ASV1828","Sebastes maliger"
"900","ASV1829","Sebastes aleutianus"
"901","ASV183","Sebastes alutus"
"902","ASV1830","Sebastes proriger"
"903","ASV1831","Sebastes melanostictus"
"904","ASV1833","Sebastes wilsoni"
"905","ASV1834","Sebastolobus alascanus"
"906","ASV1835","Sebastes proriger"
"907","ASV1836","Sebastes alutus"
"908","ASV1839","Sebastes zacentrus"
"909","ASV184","Sebastes proriger"
"910","ASV1841","Sebastes carnatus"
"911","ASV1842","Sebastes melanostictus"
"912","ASV1844","Sebastes aleutianus"
"913","ASV1845","Sebastolobus alascanus"
"914","ASV1847","Sebastolobus alascanus"
"915","ASV1848","Sebastolobus alascanus"
"916","ASV1849","Sebastes alutus"
"917","ASV185","Sebastes alutus"
"918","ASV1850","Sebastes borealis"
"919","ASV1851","Sebastes nigrocinctus"
"920","ASV1852","Sebastes proriger"
"921","ASV1853","Sebastes proriger"
"922","ASV1855","Sebastes zacentrus"
"923","ASV1856","Sebastes proriger"
"924","ASV1857","Sebastes melanostictus"
"925","ASV1858","Sebastes zacentrus"
"926","ASV1859","Sebastes proriger"
"927","ASV186","Sebastes proriger"
"928","ASV1860","Sebastes melanostictus"
"929","ASV1861","Sebastes melanostictus"
"930","ASV1862","Sebastes alutus"
"931","ASV1863","Sebastes alutus"
"932","ASV1865","Sebastes crameri"
"933","ASV1866","Sebastes alutus"
"934","ASV1867","Sebastes alutus"
"935","ASV1869","Sebastes zacentrus"
"936","ASV1870","Sebastes proriger"
"937","ASV1871","Sebastes proriger"
"938","ASV1872","Sebastes proriger"
"939","ASV1874","Sebastes carnatus"
"940","ASV1875","Sebastes melanops"
"941","ASV1876","Sebastes zacentrus"
"942","ASV1877","Sebastes proriger"
"943","ASV1878","Sebastes alutus"
"944","ASV1879","Sebastes melanostictus"
"945","ASV188","Sebastes alutus"
"946","ASV1880","Sebastes nigrocinctus"
"947","ASV1882","Sebastes zacentrus"
"948","ASV1883","Sebastes proriger"
"949","ASV1884","Sebastes crameri"
"950","ASV1885","Sebastes wilsoni"
"951","ASV1886","Sebastes alutus"
"952","ASV1888","Sebastolobus alascanus"
"953","ASV1889","Sebastolobus alascanus"
"954","ASV189","Sebastes proriger"
"955","ASV1893","Sebastes melanostictus"
"956","ASV1894","Sebastes zacentrus"
"957","ASV1895","Sebastes wilsoni"
"958","ASV1897","Sebastes proriger"
"959","ASV1898","Sebastes alutus"
"960","ASV1899","Sebastes proriger"
"961","ASV19","Sebastes melanostictus"
"962","ASV190","Sebastes alutus"
"963","ASV1900","Sebastes melanostictus"
"964","ASV1901","Sebastes melanostictus"
"965","ASV1902","Sebastes borealis"
"966","ASV1903","Sebastes alutus"
"967","ASV1904","Sebastes proriger"
"968","ASV1905","Sebastes proriger"
"969","ASV1906","Sebastes proriger"
"970","ASV1907","Sebastes proriger"
"971","ASV1908","Sebastolobus alascanus"
"972","ASV191","Sebastes proriger"
"973","ASV1910","Sebastes carnatus"
"974","ASV1911","Sebastes carnatus"
"975","ASV1912","Sebastes zacentrus"
"976","ASV1913","Sebastes zacentrus"
"977","ASV1914","Sebastes zacentrus"
"978","ASV1915","Sebastes zacentrus"
"979","ASV1916","Sebastes zacentrus"
"980","ASV1917","Sebastes zacentrus"
"981","ASV1918","Sebastes proriger"
"982","ASV1919","Sebastes proriger"
"983","ASV192","Sebastes proriger"
"984","ASV1920","Sebastes proriger"
"985","ASV1921","Sebastes melanostictus"
"986","ASV1922","Sebastes melanostictus"
"987","ASV1923","Sebastes melanostictus"
"988","ASV1924","Sebastes melanostictus"
"989","ASV1925","Sebastes alutus"
"990","ASV1926","Sebastes alutus"
"991","ASV193","Sebastes alutus"
"992","ASV1930","Sebastes alutus"
"993","ASV1931","Sebastes alutus"
"994","ASV1932","Sebastes alutus"
"995","ASV1933","Sebastes melanostictus"
"996","ASV1934","Sebastes melanostictus"
"997","ASV1935","Sebastes melanostictus"
"998","ASV1936","Sebastes alutus"
"999","ASV1937","Sebastes zacentrus"
"1000","ASV1938","Sebastes zacentrus"
"1001","ASV1939","Sebastes zacentrus"
"1002","ASV194","Sebastes proriger"
"1003","ASV1940","Sebastes zacentrus"
"1004","ASV1941","Sebastes proriger"
"1005","ASV1942","Sebastes proriger"
"1006","ASV1943","Sebastes proriger"
"1007","ASV1944","Sebastes proriger"
"1008","ASV1945","Sebastes proriger"
"1009","ASV1946","Sebastes proriger"
"1010","ASV1947","Sebastes proriger"
"1011","ASV1948","Sebastes proriger"
"1012","ASV1949","Sebastes wilsoni"
"1013","ASV195","Sebastes proriger"
"1014","ASV1950","Sebastes wilsoni"
"1015","ASV1951","Sebastes wilsoni"
"1016","ASV1952","Sebastes proriger"
"1017","ASV1953","Sebastes proriger"
"1018","ASV1954","Sebastes proriger"
"1019","ASV1955","Sebastes proriger"
"1020","ASV1956","Sebastes melanostictus"
"1021","ASV1957","Sebastes alutus"
"1022","ASV1958","Sebastolobus alascanus"
"1023","ASV1959","Sebastes alutus"
"1024","ASV196","Sebastes proriger"
"1025","ASV1960","Sebastes alutus"
"1026","ASV1961","Sebastes alutus"
"1027","ASV1962","Sebastes alutus"
"1028","ASV1963","Sebastes carnatus"
"1029","ASV1964","Sebastes carnatus"
"1030","ASV1965","Sebastes carnatus"
"1031","ASV1966","Sebastes carnatus"
"1032","ASV1967","Sebastes carnatus"
"1033","ASV1968","Sebastes carnatus"
"1034","ASV1969","Sebastes carnatus"
"1035","ASV197","Sebastes proriger"
"1036","ASV1970","Sebastolobus alascanus"
"1037","ASV1971","Sebastolobus alascanus"
"1038","ASV1972","Sebastolobus alascanus"
"1039","ASV1973","Sebastolobus alascanus"
"1040","ASV1974","Sebastes alutus"
"1041","ASV1975","Sebastes zacentrus"
"1042","ASV1976","Sebastes proriger"
"1043","ASV1977","Sebastes proriger"
"1044","ASV1978","Sebastes proriger"
"1045","ASV1979","Sebastes proriger"
"1046","ASV198","Sebastes alutus"
"1047","ASV1980","Sebastes proriger"
"1048","ASV1981","Sebastes proriger"
"1049","ASV1982","Sebastes proriger"
"1050","ASV1983","Sebastes proriger"
"1051","ASV1984","Sebastes proriger"
"1052","ASV1985","Sebastes proriger"
"1053","ASV1986","Sebastes proriger"
"1054","ASV1987","Sebastes proriger"
"1055","ASV1988","Sebastes proriger"
"1056","ASV1989","Sebastes proriger"
"1057","ASV199","Sebastes proriger"
"1058","ASV1990","Sebastes proriger"
"1059","ASV1991","Sebastes proriger"
"1060","ASV1992","Sebastes proriger"
"1061","ASV1993","Sebastes proriger"
"1062","ASV1994","Sebastes proriger"
"1063","ASV1995","Sebastes proriger"
"1064","ASV1996","Sebastes proriger"
"1065","ASV1997","Sebastes proriger"
"1066","ASV1998","Sebastes melanostictus"
"1067","ASV1999","Sebastes melanostictus"
"1068","ASV2","Sebastes proriger"
"1069","ASV20","Sebastes zacentrus"
"1070","ASV200","Sebastes proriger"
"1071","ASV2000","Sebastes melanostictus"
"1072","ASV2001","Sebastes melanostictus"
"1073","ASV2002","Sebastes melanostictus"
"1074","ASV2003","Sebastes melanostictus"
"1075","ASV2004","Sebastes alutus"
"1076","ASV2005","Sebastes alutus"
"1077","ASV2006","Sebastes melanostictus"
"1078","ASV2007","Sebastes melanostictus"
"1079","ASV2008","Sebastes melanostictus"
"1080","ASV2009","Sebastes melanostictus"
"1081","ASV201","Sebastes proriger"
"1082","ASV2010","Sebastes melanostictus"
"1083","ASV2011","Sebastes melanostictus"
"1084","ASV2012","Sebastes melanostictus"
"1085","ASV2013","Sebastes alutus"
"1086","ASV2014","Sebastes alutus"
"1087","ASV2015","Sebastes alutus"
"1088","ASV2016","Sebastes alutus"
"1089","ASV2017","Sebastes crameri"
"1090","ASV2018","Sebastes melanostictus"
"1091","ASV2019","Sebastes melanostictus"
"1092","ASV202","Sebastes proriger"
"1093","ASV2020","Sebastes melanostictus"
"1094","ASV2021","Sebastes melanostictus"
"1095","ASV2022","Sebastes melanostictus"
"1096","ASV2023","Sebastes melanostictus"
"1097","ASV2024","Sebastes melanostictus"
"1098","ASV2025","Sebastes alutus"
"1099","ASV2026","Sebastes alutus"
"1100","ASV2027","Sebastes alutus"
"1101","ASV2028","Sebastes borealis"
"1102","ASV2029","Sebastes borealis"
"1103","ASV203","Sebastes alutus"
"1104","ASV2030","Sebastes borealis"
"1105","ASV2031","Sebastes borealis"
"1106","ASV2032","Sebastes borealis"
"1107","ASV2033","Sebastes borealis"
"1108","ASV2034","Sebastes borealis"
"1109","ASV2035","Sebastes borealis"
"1110","ASV2036","Sebastes borealis"
"1111","ASV2037","Sebastes alutus"
"1112","ASV2038","Sebastes alutus"
"1113","ASV2039","Sebastes alutus"
"1114","ASV204","Sebastes alutus"
"1115","ASV2040","Sebastes alutus"
"1116","ASV2041","Sebastes alutus"
"1117","ASV2042","Sebastes alutus"
"1118","ASV2043","Sebastes alutus"
"1119","ASV2044","Sebastes zacentrus"
"1120","ASV2045","Sebastes zacentrus"
"1121","ASV2046","Sebastes zacentrus"
"1122","ASV2047","Sebastes zacentrus"
"1123","ASV2048","Sebastes zacentrus"
"1124","ASV2049","Sebastes zacentrus"
"1125","ASV205","Sebastes wilsoni"
"1126","ASV2050","Sebastes zacentrus"
"1127","ASV2051","Sebastes zacentrus"
"1128","ASV2052","Sebastes proriger"
"1129","ASV2053","Sebastes proriger"
"1130","ASV2054","Sebastes proriger"
"1131","ASV2055","Sebastes proriger"
"1132","ASV2056","Sebastes proriger"
"1133","ASV2057","Sebastes proriger"
"1134","ASV2058","Sebastes proriger"
"1135","ASV2059","Sebastes wilsoni"
"1136","ASV206","Sebastes proriger"
"1137","ASV2060","Sebastes wilsoni"
"1138","ASV2061","Sebastes wilsoni"
"1139","ASV2062","Sebastes wilsoni"
"1140","ASV2063","Sebastes wilsoni"
"1141","ASV2064","Sebastes wilsoni"
"1142","ASV2065","Sebastes wilsoni"
"1143","ASV2066","Sebastes wilsoni"
"1144","ASV2067","Sebastes wilsoni"
"1145","ASV2068","Sebastes proriger"
"1146","ASV2069","Sebastes proriger"
"1147","ASV207","Sebastes alutus"
"1148","ASV2070","Sebastes proriger"
"1149","ASV2071","Sebastes proriger"
"1150","ASV2072","Sebastes proriger"
"1151","ASV2073","Sebastes proriger"
"1152","ASV2074","Sebastes proriger"
"1153","ASV2075","Sebastes proriger"
"1154","ASV2076","Sebastes proriger"
"1155","ASV2077","Sebastes proriger"
"1156","ASV2078","Sebastes proriger"
"1157","ASV2079","Sebastes proriger"
"1158","ASV208","Sebastes proriger"
"1159","ASV2080","Sebastes proriger"
"1160","ASV2081","Sebastes proriger"
"1161","ASV2082","Sebastes proriger"
"1162","ASV2083","Sebastes proriger"
"1163","ASV2084","Sebastes proriger"
"1164","ASV2085","Sebastes proriger"
"1165","ASV2086","Sebastes proriger"
"1166","ASV2087","Sebastes melanostictus"
"1167","ASV2088","Sebastes melanostictus"
"1168","ASV2089","Sebastes melanostictus"
"1169","ASV209","Sebastes proriger"
"1170","ASV2090","Sebastes melanostictus"
"1171","ASV2091","Sebastes melanostictus"
"1172","ASV2092","Sebastes alutus"
"1173","ASV2093","Sebastes alutus"
"1174","ASV2094","Sebastes alutus"
"1175","ASV2095","Sebastes alutus"
"1176","ASV2096","Sebastes alutus"
"1177","ASV2097","Sebastes alutus"
"1178","ASV2098","Sebastes alutus"
"1179","ASV2099","Sebastes alutus"
"1180","ASV21","Sebastes melanostictus"
"1181","ASV210","Sebastes carnatus"
"1182","ASV2100","Sebastes alutus"
"1183","ASV2101","Sebastes alutus"
"1184","ASV2102","Sebastes alutus"
"1185","ASV2103","Sebastes alutus"
"1186","ASV2104","Sebastes alutus"
"1187","ASV2105","Sebastolobus alascanus"
"1188","ASV2106","Sebastes borealis"
"1189","ASV2107","Sebastes carnatus"
"1190","ASV2108","Sebastes carnatus"
"1191","ASV2109","Sebastes carnatus"
"1192","ASV211","Sebastes proriger"
"1193","ASV2110","Sebastes carnatus"
"1194","ASV2111","Sebastes carnatus"
"1195","ASV2112","Sebastes carnatus"
"1196","ASV2113","Sebastes carnatus"
"1197","ASV2114","Sebastes carnatus"
"1198","ASV2115","Sebastes carnatus"
"1199","ASV2116","Sebastes carnatus"
"1200","ASV2117","Sebastes carnatus"
"1201","ASV2118","Sebastes carnatus"
"1202","ASV2119","Sebastes carnatus"
"1203","ASV212","Sebastes proriger"
"1204","ASV2120","Sebastes carnatus"
"1205","ASV2121","Sebastes carnatus"
"1206","ASV2122","Sebastes carnatus"
"1207","ASV2123","Sebastes carnatus"
"1208","ASV2124","Sebastes carnatus"
"1209","ASV2125","Sebastes carnatus"
"1210","ASV2126","Sebastes carnatus"
"1211","ASV2127","Sebastes carnatus"
"1212","ASV2128","Sebastes carnatus"
"1213","ASV2129","Sebastes carnatus"
"1214","ASV213","Sebastes alutus"
"1215","ASV2130","Sebastes carnatus"
"1216","ASV2131","Sebastes carnatus"
"1217","ASV2132","Sebastes carnatus"
"1218","ASV2133","Sebastes carnatus"
"1219","ASV2134","Sebastes carnatus"
"1220","ASV2135","Sebastes carnatus"
"1221","ASV2136","Sebastes carnatus"
"1222","ASV2137","Sebastes carnatus"
"1223","ASV214","Sebastes proriger"
"1224","ASV215","Sebastes proriger"
"1225","ASV216","Sebastes melanostictus"
"1226","ASV217","Sebastes melanostictus"
"1227","ASV218","Sebastes proriger"
"1228","ASV219","Sebastes proriger"
"1229","ASV22","Sebastolobus alascanus"
"1230","ASV220","Sebastes proriger"
"1231","ASV221","Sebastes proriger"
"1232","ASV222","Sebastes melanostictus"
"1233","ASV223","Sebastes alutus"
"1234","ASV224","Sebastes proriger"
"1235","ASV225","Sebastes borealis"
"1236","ASV226","Sebastes proriger"
"1237","ASV227","Sebastes proriger"
"1238","ASV228","Sebastes proriger"
"1239","ASV23","Sebastes proriger"
"1240","ASV230","Sebastes proriger"
"1241","ASV231","Sebastes proriger"
"1242","ASV232","Sebastes alutus"
"1243","ASV233","Sebastes proriger"
"1244","ASV234","Sebastes alutus"
"1245","ASV235","Sebastes proriger"
"1246","ASV236","Sebastes alutus"
"1247","ASV237","Sebastes proriger"
"1248","ASV238","Sebastes crameri"
"1249","ASV239","Sebastes proriger"
"1250","ASV24","Sebastes alutus"
"1251","ASV240","Sebastes alutus"
"1252","ASV241","Sebastes proriger"
"1253","ASV242","Sebastes borealis"
"1254","ASV243","Sebastes alutus"
"1255","ASV244","Sebastes wilsoni"
"1256","ASV245","Sebastes alutus"
"1257","ASV246","Sebastes proriger"
"1258","ASV247","Sebastes proriger"
"1259","ASV248","Sebastes proriger"
"1260","ASV249","Sebastes alutus"
"1261","ASV25","Sebastes proriger"
"1262","ASV250","Sebastes borealis"
"1263","ASV251","Sebastes alutus"
"1264","ASV252","Sebastes borealis"
"1265","ASV253","Sebastes proriger"
"1266","ASV254","Sebastes proriger"
"1267","ASV255","Sebastes proriger"
"1268","ASV256","Sebastes melanostictus"
"1269","ASV257","Sebastes proriger"
"1270","ASV258","Sebastes alutus"
"1271","ASV259","Sebastes carnatus"
"1272","ASV26","Sebastolobus alascanus"
"1273","ASV260","Sebastes borealis"
"1274","ASV261","Sebastes alutus"
"1275","ASV262","Sebastes wilsoni"
"1276","ASV263","Sebastes alutus"
"1277","ASV264","Sebastes alutus"
"1278","ASV265","Sebastes alutus"
"1279","ASV266","Sebastes proriger"
"1280","ASV267","Sebastes proriger"
"1281","ASV268","Sebastes wilsoni"
"1282","ASV269","Sebastes carnatus"
"1283","ASV27","Sebastes melanostictus"
"1284","ASV270","Sebastes proriger"
"1285","ASV271","Sebastes proriger"
"1286","ASV272","Sebastes melanostictus"
"1287","ASV273","Sebastes alutus"
"1288","ASV274","Sebastes proriger"
"1289","ASV275","Sebastes alutus"
"1290","ASV276","Sebastes melanostictus"
"1291","ASV277","Sebastes proriger"
"1292","ASV278","Sebastes proriger"
"1293","ASV279","Sebastes carnatus"
"1294","ASV28","Sebastes proriger"
"1295","ASV280","Sebastolobus alascanus"
"1296","ASV281","Sebastes wilsoni"
"1297","ASV282","Sebastes alutus"
"1298","ASV283","Sebastes proriger"
"1299","ASV284","Sebastes carnatus"
"1300","ASV285","Sebastes borealis"
"1301","ASV286","Sebastes alutus"
"1302","ASV287","Sebastes carnatus"
"1303","ASV288","Sebastes alutus"
"1304","ASV289","Sebastes melanostictus"
"1305","ASV29","Sebastes alutus"
"1306","ASV290","Sebastes carnatus"
"1307","ASV291","Sebastes alutus"
"1308","ASV292","Sebastes proriger"
"1309","ASV293","Sebastes carnatus"
"1310","ASV294","Sebastes melanostictus"
"1311","ASV295","Sebastes melanostictus"
"1312","ASV296","Sebastes alutus"
"1313","ASV297","Sebastes wilsoni"
"1314","ASV298","Sebastes borealis"
"1315","ASV299","Sebastes melanostictus"
"1316","ASV3","Sebastes carnatus"
"1317","ASV30","Sebastes alutus"
"1318","ASV300","Sebastes borealis"
"1319","ASV301","Sebastes borealis"
"1320","ASV302","Sebastes carnatus"
"1321","ASV303","Sebastes alutus"
"1322","ASV304","Sebastes proriger"
"1323","ASV305","Sebastes carnatus"
"1324","ASV306","Sebastes melanostictus"
"1325","ASV307","Sebastes carnatus"
"1326","ASV308","Sebastes alutus"
"1327","ASV309","Sebastes carnatus"
"1328","ASV31","Sebastes proriger"
"1329","ASV310","Sebastes melanostictus"
"1330","ASV311","Sebastes borealis"
"1331","ASV312","Sebastes borealis"
"1332","ASV313","Sebastes proriger"
"1333","ASV314","Sebastes proriger"
"1334","ASV315","Sebastes zacentrus"
"1335","ASV316","Sebastes alutus"
"1336","ASV317","Sebastes carnatus"
"1337","ASV318","Sebastes carnatus"
"1338","ASV319","Sebastes carnatus"
"1339","ASV32","Sebastes alutus"
"1340","ASV320","Sebastes proriger"
"1341","ASV321","Sebastes proriger"
"1342","ASV322","Sebastes carnatus"
"1343","ASV323","Sebastes carnatus"
"1344","ASV324","Sebastes proriger"
"1345","ASV325","Sebastes proriger"
"1346","ASV326","Sebastes melanostictus"
"1347","ASV327","Sebastes proriger"
"1348","ASV328","Sebastes proriger"
"1349","ASV329","Sebastes proriger"
"1350","ASV33","Sebastes alutus"
"1351","ASV330","Sebastes borealis"
"1352","ASV331","Sebastes proriger"
"1353","ASV332","Sebastes melanostictus"
"1354","ASV333","Sebastes melanostictus"
"1355","ASV334","Sebastes carnatus"
"1356","ASV335","Sebastes zacentrus"
"1357","ASV336","Sebastes carnatus"
"1358","ASV337","Sebastes carnatus"
"1359","ASV338","Sebastes carnatus"
"1360","ASV339","Sebastolobus alascanus"
"1361","ASV34","Sebastes brevispinis"
"1362","ASV340","Sebastes alutus"
"1363","ASV341","Sebastes melanostictus"
"1364","ASV342","Sebastes wilsoni"
"1365","ASV343","Sebastolobus alascanus"
"1366","ASV344","Sebastes carnatus"
"1367","ASV345","Sebastes alutus"
"1368","ASV346","Sebastes proriger"
"1369","ASV347","Sebastes borealis"
"1370","ASV348","Sebastes carnatus"
"1371","ASV349","Sebastes carnatus"
"1372","ASV35","Sebastes alutus"
"1373","ASV350","Sebastes carnatus"
"1374","ASV351","Sebastes melanostictus"
"1375","ASV352","Sebastes carnatus"
"1376","ASV353","Sebastes borealis"
"1377","ASV354","Sebastes alutus"
"1378","ASV355","Sebastes proriger"
"1379","ASV356","Sebastes melanostictus"
"1380","ASV357","Sebastes melanostictus"
"1381","ASV358","Sebastes carnatus"
"1382","ASV359","Sebastes wilsoni"
"1383","ASV36","Sebastes melanostictus"
"1384","ASV360","Sebastes melanostictus"
"1385","ASV361","Sebastes proriger"
"1386","ASV362","Sebastes proriger"
"1387","ASV363","Sebastes wilsoni"
"1388","ASV364","Sebastes alutus"
"1389","ASV365","Sebastes carnatus"
"1390","ASV366","Sebastes carnatus"
"1391","ASV367","Sebastes carnatus"
"1392","ASV368","Sebastes zacentrus"
"1393","ASV369","Sebastes alutus"
"1394","ASV37","Sebastes alutus"
"1395","ASV370","Sebastes carnatus"
"1396","ASV371","Sebastes melanostictus"
"1397","ASV372","Sebastes carnatus"
"1398","ASV373","Sebastes proriger"
"1399","ASV374","Sebastes melanostictus"
"1400","ASV375","Sebastes borealis"
"1401","ASV376","Sebastes carnatus"
"1402","ASV377","Sebastes melanostictus"
"1403","ASV378","Sebastes alutus"
"1404","ASV379","Sebastes borealis"
"1405","ASV38","Sebastes alutus"
"1406","ASV380","Sebastes borealis"
"1407","ASV381","Sebastes carnatus"
"1408","ASV382","Sebastes melanostictus"
"1409","ASV383","Sebastes melanostictus"
"1410","ASV384","Sebastolobus alascanus"
"1411","ASV385","Sebastes carnatus"
"1412","ASV386","Sebastes carnatus"
"1413","ASV387","Sebastes carnatus"
"1414","ASV388","Sebastes carnatus"
"1415","ASV389","Sebastes carnatus"
"1416","ASV39","Sebastes alutus"
"1417","ASV390","Sebastes carnatus"
"1418","ASV391","Sebastes alutus"
"1419","ASV392","Sebastes alutus"
"1420","ASV393","Sebastes carnatus"
"1421","ASV394","Sebastes proriger"
"1422","ASV395","Sebastes melanostictus"
"1423","ASV396","Sebastes melanostictus"
"1424","ASV397","Sebastes borealis"
"1425","ASV398","Sebastes carnatus"
"1426","ASV399","Sebastes proriger"
"1427","ASV4","Sebastes borealis"
"1428","ASV40","Sebastes alutus"
"1429","ASV400","Sebastes melanostictus"
"1430","ASV401","Sebastes borealis"
"1431","ASV402","Sebastes proriger"
"1432","ASV403","Sebastes alutus"
"1433","ASV404","Sebastes proriger"
"1434","ASV405","Sebastes melanostictus"
"1435","ASV406","Sebastes borealis"
"1436","ASV407","Sebastes proriger"
"1437","ASV408","Sebastes proriger"
"1438","ASV409","Sebastes alutus"
"1439","ASV41","Sebastes alutus"
"1440","ASV410","Sebastes alutus"
"1441","ASV411","Sebastes borealis"
"1442","ASV412","Sebastes carnatus"
"1443","ASV413","Sebastes carnatus"
"1444","ASV414","Sebastes melanostictus"
"1445","ASV415","Sebastes carnatus"
"1446","ASV416","Sebastes carnatus"
"1447","ASV417","Sebastes borealis"
"1448","ASV418","Sebastes wilsoni"
"1449","ASV419","Sebastes alutus"
"1450","ASV42","Sebastes alutus"
"1451","ASV420","Sebastes proriger"
"1452","ASV421","Sebastes proriger"
"1453","ASV422","Sebastes alutus"
"1454","ASV423","Sebastes carnatus"
"1455","ASV424","Sebastes proriger"
"1456","ASV425","Sebastes proriger"
"1457","ASV426","Sebastes melanostictus"
"1458","ASV427","Sebastes melanostictus"
"1459","ASV428","Sebastes carnatus"
"1460","ASV429","Sebastes crameri"
"1461","ASV43","Sebastes alutus"
"1462","ASV430","Sebastes melanostictus"
"1463","ASV431","Sebastes borealis"
"1464","ASV432","Sebastes proriger"
"1465","ASV433","Sebastes borealis"
"1466","ASV434","Sebastes carnatus"
"1467","ASV435","Sebastes wilsoni"
"1468","ASV436","Sebastes carnatus"
"1469","ASV437","Sebastes crameri"
"1470","ASV438","Sebastes alutus"
"1471","ASV439","Sebastes alutus"
"1472","ASV44","Sebastes alutus"
"1473","ASV440","Sebastes melanostictus"
"1474","ASV441","Sebastolobus alascanus"
"1475","ASV442","Sebastes carnatus"
"1476","ASV443","Sebastes melanostictus"
"1477","ASV444","Sebastes zacentrus"
"1478","ASV445","Sebastes chrysomelas"
"1479","ASV446","Sebastes melanostictus"
"1480","ASV447","Sebastes borealis"
"1481","ASV448","Sebastes zacentrus"
"1482","ASV449","Sebastes wilsoni"
"1483","ASV45","Sebastes alutus"
"1484","ASV450","Sebastes carnatus"
"1485","ASV451","Sebastes carnatus"
"1486","ASV452","Sebastes carnatus"
"1487","ASV453","Sebastes crameri"
"1488","ASV454","Sebastes melanostictus"
"1489","ASV455","Sebastes carnatus"
"1490","ASV456","Sebastes carnatus"
"1491","ASV457","Sebastes melanostictus"
"1492","ASV458","Sebastes zacentrus"
"1493","ASV459","Sebastes carnatus"
"1494","ASV46","Sebastes alutus"
"1495","ASV460","Sebastes melanostictus"
"1496","ASV461","Sebastes melanostictus"
"1497","ASV462","Sebastes melanostictus"
"1498","ASV463","Sebastes alutus"
"1499","ASV464","Sebastes proriger"
"1500","ASV465","Sebastes alutus"
"1501","ASV466","Sebastes carnatus"
"1502","ASV467","Sebastes melanostictus"
"1503","ASV468","Sebastes borealis"
"1504","ASV469","Sebastes borealis"
"1505","ASV47","Sebastes alutus"
"1506","ASV470","Sebastes borealis"
"1507","ASV471","Sebastes borealis"
"1508","ASV472","Sebastes borealis"
"1509","ASV473","Sebastes melanostictus"
"1510","ASV474","Sebastes alutus"
"1511","ASV475","Sebastolobus alascanus"
"1512","ASV476","Sebastes melanostictus"
"1513","ASV477","Sebastes melanostictus"
"1514","ASV478","Sebastes melanostictus"
"1515","ASV479","Sebastes borealis"
"1516","ASV48","Sebastes alutus"
"1517","ASV480","Sebastes proriger"
"1518","ASV481","Sebastes melanostictus"
"1519","ASV482","Sebastes melanostictus"
"1520","ASV483","Sebastes melanostictus"
"1521","ASV484","Sebastes zacentrus"
"1522","ASV485","Sebastes melanostictus"
"1523","ASV486","Sebastes borealis"
"1524","ASV487","Sebastes borealis"
"1525","ASV488","Sebastes carnatus"
"1526","ASV489","Sebastes melanostictus"
"1527","ASV49","Sebastes borealis"
"1528","ASV490","Sebastes zacentrus"
"1529","ASV491","Sebastes wilsoni"
"1530","ASV492","Sebastes alutus"
"1531","ASV493","Sebastes borealis"
"1532","ASV494","Sebastes wilsoni"
"1533","ASV495","Sebastes carnatus"
"1534","ASV496","Sebastes melanostictus"
"1535","ASV497","Sebastes zacentrus"
"1536","ASV498","Sebastes borealis"
"1537","ASV499","Sebastes zacentrus"
"1538","ASV5","Sebastes melanostictus"
"1539","ASV50","Sebastes alutus"
"1540","ASV500","Sebastes proriger"
"1541","ASV501","Sebastes wilsoni"
"1542","ASV502","Sebastes wilsoni"
"1543","ASV503","Sebastes wilsoni"
"1544","ASV504","Sebastes wilsoni"
"1545","ASV505","Sebastes melanostictus"
"1546","ASV506","Sebastes melanostictus"
"1547","ASV507","Sebastes melanostictus"
"1548","ASV508","Sebastes borealis"
"1549","ASV509","Sebastes borealis"
"1550","ASV51","Sebastes alutus"
"1551","ASV510","Sebastes carnatus"
"1552","ASV511","Sebastes zacentrus"
"1553","ASV512","Sebastes melanostictus"
"1554","ASV513","Sebastes crameri"
"1555","ASV514","Sebastes borealis"
"1556","ASV515","Sebastes borealis"
"1557","ASV516","Sebastes wilsoni"
"1558","ASV517","Sebastes wilsoni"
"1559","ASV518","Sebastes crameri"
"1560","ASV519","Sebastes alutus"
"1561","ASV52","Sebastes alutus"
"1562","ASV520","Sebastes borealis"
"1563","ASV521","Sebastes carnatus"
"1564","ASV522","Sebastes alutus"
"1565","ASV523","Sebastes wilsoni"
"1566","ASV524","Sebastes carnatus"
"1567","ASV525","Sebastes melanostictus"
"1568","ASV526","Sebastes borealis"
"1569","ASV527","Sebastolobus alascanus"
"1570","ASV528","Sebastes carnatus"
"1571","ASV529","Sebastes melanostictus"
"1572","ASV53","Sebastes alutus"
"1573","ASV530","Sebastes melanostictus"
"1574","ASV531","Sebastes borealis"
"1575","ASV532","Sebastes proriger"
"1576","ASV533","Sebastes wilsoni"
"1577","ASV534","Sebastes carnatus"
"1578","ASV535","Sebastes melanostictus"
"1579","ASV536","Sebastes borealis"
"1580","ASV537","Sebastes zacentrus"
"1581","ASV538","Sebastes proriger"
"1582","ASV539","Sebastes proriger"
"1583","ASV54","Sebastes alutus"
"1584","ASV540","Sebastes wilsoni"
"1585","ASV541","Sebastes melanostictus"
"1586","ASV542","Sebastes melanostictus"
"1587","ASV543","Sebastes borealis"
"1588","ASV544","Sebastes zacentrus"
"1589","ASV545","Sebastes proriger"
"1590","ASV546","Sebastes proriger"
"1591","ASV547","Sebastes melanostictus"
"1592","ASV548","Sebastes melanostictus"
"1593","ASV549","Sebastes wilsoni"
"1594","ASV55","Sebastes alutus"
"1595","ASV550","Sebastes carnatus"
"1596","ASV551","Sebastes carnatus"
"1597","ASV552","Sebastes carnatus"
"1598","ASV553","Sebastes alutus"
"1599","ASV554","Sebastes melanostictus"
"1600","ASV555","Sebastes melanostictus"
"1601","ASV556","Sebastes melanostictus"
"1602","ASV557","Sebastes wilsoni"
"1603","ASV558","Sebastes proriger"
"1604","ASV559","Sebastes proriger"
"1605","ASV56","Sebastes alutus"
"1606","ASV560","Sebastes melanostictus"
"1607","ASV561","Sebastes melanostictus"
"1608","ASV562","Sebastes wilsoni"
"1609","ASV563","Sebastes wilsoni"
"1610","ASV564","Sebastes alutus"
"1611","ASV565","Sebastes melanostictus"
"1612","ASV566","Sebastes melanostictus"
"1613","ASV567","Sebastes borealis"
"1614","ASV568","Sebastes borealis"
"1615","ASV569","Sebastes wilsoni"
"1616","ASV57","Sebastolobus alascanus"
"1617","ASV570","Sebastes wilsoni"
"1618","ASV571","Sebastes proriger"
"1619","ASV572","Sebastes melanostictus"
"1620","ASV573","Sebastes carnatus"
"1621","ASV574","Sebastes proriger"
"1622","ASV575","Sebastes melanostictus"
"1623","ASV576","Sebastes melanostictus"
"1624","ASV577","Sebastes melanostictus"
"1625","ASV578","Sebastes borealis"
"1626","ASV579","Sebastes alutus"
"1627","ASV58","Sebastolobus alascanus"
"1628","ASV580","Sebastes borealis"
"1629","ASV581","Sebastes melanostictus"
"1630","ASV582","Sebastes crameri"
"1631","ASV583","Sebastes melanostictus"
"1632","ASV584","Sebastes borealis"
"1633","ASV585","Sebastes proriger"
"1634","ASV586","Sebastes proriger"
"1635","ASV587","Sebastes proriger"
"1636","ASV588","Sebastes wilsoni"
"1637","ASV589","Sebastes alutus"
"1638","ASV59","Sebastes alutus"
"1639","ASV590","Sebastes carnatus"
"1640","ASV591","Sebastes proriger"
"1641","ASV592","Sebastes melanostictus"
"1642","ASV593","Sebastes melanostictus"
"1643","ASV594","Sebastes borealis"
"1644","ASV595","Sebastes zacentrus"
"1645","ASV596","Sebastes melanostictus"
"1646","ASV597","Sebastes alutus"
"1647","ASV598","Sebastes wilsoni"
"1648","ASV599","Sebastes carnatus"
"1649","ASV6","Sebastes wilsoni"
"1650","ASV60","Sebastes alutus"
"1651","ASV600","Sebastes melanostictus"
"1652","ASV601","Sebastes zacentrus"
"1653","ASV602","Sebastes proriger"
"1654","ASV603","Sebastes carnatus"
"1655","ASV604","Sebastes carnatus"
"1656","ASV605","Sebastes melanostictus"
"1657","ASV606","Sebastes alutus"
"1658","ASV607","Sebastes borealis"
"1659","ASV608","Sebastes borealis"
"1660","ASV609","Sebastes zacentrus"
"1661","ASV61","Sebastes alutus"
"1662","ASV610","Sebastes proriger"
"1663","ASV611","Sebastes melanostictus"
"1664","ASV612","Sebastolobus alascanus"
"1665","ASV613","Sebastolobus alascanus"
"1666","ASV614","Sebastes carnatus"
"1667","ASV615","Sebastes melanostictus"
"1668","ASV616","Sebastes melanostictus"
"1669","ASV617","Sebastes melanostictus"
"1670","ASV618","Sebastes melanostictus"
"1671","ASV619","Sebastes zacentrus"
"1672","ASV62","Sebastes alutus"
"1673","ASV620","Sebastes proriger"
"1674","ASV621","Sebastes melanostictus"
"1675","ASV622","Sebastes melanostictus"
"1676","ASV623","Sebastes zacentrus"
"1677","ASV624","Sebastes zacentrus"
"1678","ASV625","Sebastes melanostictus"
"1679","ASV626","Sebastes melanostictus"
"1680","ASV627","Sebastes melanostictus"
"1681","ASV628","Sebastes borealis"
"1682","ASV629","Sebastes zacentrus"
"1683","ASV63","Sebastes melanostictus"
"1684","ASV630","Sebastes proriger"
"1685","ASV631","Sebastes carnatus"
"1686","ASV632","Sebastes carnatus"
"1687","ASV633","Sebastes melanostictus"
"1688","ASV634","Sebastes melanostictus"
"1689","ASV635","Sebastes proriger"
"1690","ASV636","Sebastes proriger"
"1691","ASV637","Sebastes wilsoni"
"1692","ASV638","Sebastes wilsoni"
"1693","ASV639","Sebastes proriger"
"1694","ASV64","Sebastes alutus"
"1695","ASV640","Sebastes melanostictus"
"1696","ASV641","Sebastes melanostictus"
"1697","ASV642","Sebastes alutus"
"1698","ASV643","Sebastes melanostictus"
"1699","ASV644","Sebastes melanostictus"
"1700","ASV645","Sebastes borealis"
"1701","ASV646","Sebastes zacentrus"
"1702","ASV647","Sebastes proriger"
"1703","ASV648","Sebastes wilsoni"
"1704","ASV649","Sebastes wilsoni"
"1705","ASV65","Sebastes alutus"
"1706","ASV650","Sebastes wilsoni"
"1707","ASV651","Sebastes alutus"
"1708","ASV652","Sebastes carnatus"
"1709","ASV653","Sebastes melanostictus"
"1710","ASV654","Sebastes melanostictus"
"1711","ASV655","Sebastes wilsoni"
"1712","ASV656","Sebastes melanostictus"
"1713","ASV657","Sebastes melanostictus"
"1714","ASV658","Sebastes melanostictus"
"1715","ASV659","Sebastes melanostictus"
"1716","ASV66","Sebastes alutus"
"1717","ASV660","Sebastes zacentrus"
"1718","ASV661","Sebastes zacentrus"
"1719","ASV662","Sebastes zacentrus"
"1720","ASV663","Sebastes proriger"
"1721","ASV664","Sebastes wilsoni"
"1722","ASV665","Sebastes wilsoni"
"1723","ASV666","Sebastes wilsoni"
"1724","ASV667","Sebastes melanostictus"
"1725","ASV668","Sebastes melanostictus"
"1726","ASV669","Sebastes melanostictus"
"1727","ASV67","Sebastes alutus"
"1728","ASV670","Sebastes melanostictus"
"1729","ASV671","Sebastes borealis"
"1730","ASV672","Sebastes borealis"
"1731","ASV673","Sebastes zacentrus"
"1732","ASV674","Sebastes zacentrus"
"1733","ASV675","Sebastes proriger"
"1734","ASV676","Sebastes proriger"
"1735","ASV677","Sebastes melanostictus"
"1736","ASV678","Sebastes melanostictus"
"1737","ASV679","Sebastes melanostictus"
"1738","ASV68","Sebastes alutus"
"1739","ASV680","Sebastes melanostictus"
"1740","ASV681","Sebastes borealis"
"1741","ASV682","Sebastes proriger"
"1742","ASV683","Sebastolobus alascanus"
"1743","ASV684","Sebastes carnatus"
"1744","ASV685","Sebastes melanostictus"
"1745","ASV686","Sebastes melanostictus"
"1746","ASV687","Sebastes wilsoni"
"1747","ASV688","Sebastes wilsoni"
"1748","ASV689","Sebastes melanostictus"
"1749","ASV69","Sebastes alutus"
"1750","ASV690","Sebastes alutus"
"1751","ASV691","Sebastes crameri"
"1752","ASV692","Sebastes crameri"
"1753","ASV693","Sebastes melanostictus"
"1754","ASV694","Sebastes melanostictus"
"1755","ASV695","Sebastes borealis"
"1756","ASV696","Sebastes alutus"
"1757","ASV697","Sebastes zacentrus"
"1758","ASV698","Sebastes zacentrus"
"1759","ASV699","Sebastes wilsoni"
"1760","ASV7","Sebastes melanostictus"
"1761","ASV70","Sebastes alutus"
"1762","ASV700","Sebastes wilsoni"
"1763","ASV701","Sebastes melanostictus"
"1764","ASV702","Sebastes melanostictus"
"1765","ASV703","Sebastes melanostictus"
"1766","ASV704","Sebastes melanostictus"
"1767","ASV705","Sebastes borealis"
"1768","ASV706","Sebastes zacentrus"
"1769","ASV707","Sebastes zacentrus"
"1770","ASV708","Sebastes proriger"
"1771","ASV709","Sebastes wilsoni"
"1772","ASV71","Sebastes alutus"
"1773","ASV710","Sebastes melanostictus"
"1774","ASV711","Sebastes melanostictus"
"1775","ASV712","Sebastes melanostictus"
"1776","ASV713","Sebastes melanostictus"
"1777","ASV714","Sebastes melanostictus"
"1778","ASV715","Sebastes melanostictus"
"1779","ASV716","Sebastes melanostictus"
"1780","ASV717","Sebastes alutus"
"1781","ASV718","Sebastes zacentrus"
"1782","ASV719","Sebastes zacentrus"
"1783","ASV72","Sebastes alutus"
"1784","ASV720","Sebastes proriger"
"1785","ASV721","Sebastes proriger"
"1786","ASV722","Sebastes proriger"
"1787","ASV723","Sebastes wilsoni"
"1788","ASV724","Sebastes carnatus"
"1789","ASV725","Sebastes melanostictus"
"1790","ASV726","Sebastes melanostictus"
"1791","ASV727","Sebastes borealis"
"1792","ASV728","Sebastes alutus"
"1793","ASV729","Sebastes borealis"
"1794","ASV73","Sebastes alutus"
"1795","ASV730","Sebastes proriger"
"1796","ASV731","Sebastes proriger"
"1797","ASV732","Sebastes wilsoni"
"1798","ASV733","Sebastes wilsoni"
"1799","ASV734","Sebastes wilsoni"
"1800","ASV735","Sebastes carnatus"
"1801","ASV736","Sebastes melanostictus"
"1802","ASV737","Sebastes melanostictus"
"1803","ASV738","Sebastes melanostictus"
"1804","ASV739","Sebastes proriger"
"1805","ASV74","Sebastes alutus"
"1806","ASV740","Sebastes proriger"
"1807","ASV741","Sebastes wilsoni"
"1808","ASV742","Sebastes melanostictus"
"1809","ASV743","Sebastes melanostictus"
"1810","ASV744","Sebastes melanostictus"
"1811","ASV745","Sebastes melanostictus"
"1812","ASV746","Sebastes melanostictus"
"1813","ASV747","Sebastes melanostictus"
"1814","ASV748","Sebastes melanostictus"
"1815","ASV749","Sebastes melanostictus"
"1816","ASV75","Sebastes alutus"
"1817","ASV750","Sebastes proriger"
"1818","ASV751","Sebastes wilsoni"
"1819","ASV752","Sebastes carnatus"
"1820","ASV753","Sebastolobus alascanus"
"1821","ASV754","Sebastes melanostictus"
"1822","ASV755","Sebastes melanostictus"
"1823","ASV756","Sebastes melanostictus"
"1824","ASV757","Sebastes melanostictus"
"1825","ASV758","Sebastes melanostictus"
"1826","ASV759","Sebastes zacentrus"
"1827","ASV76","Sebastes alutus"
"1828","ASV760","Sebastes zacentrus"
"1829","ASV761","Sebastes proriger"
"1830","ASV762","Sebastes wilsoni"
"1831","ASV763","Sebastes wilsoni"
"1832","ASV764","Sebastes wilsoni"
"1833","ASV765","Sebastes proriger"
"1834","ASV766","Sebastes carnatus"
"1835","ASV767","Sebastes melanostictus"
"1836","ASV768","Sebastes melanostictus"
"1837","ASV769","Sebastes crameri"
"1838","ASV77","Sebastes alutus"
"1839","ASV770","Sebastes melanostictus"
"1840","ASV771","Sebastes melanostictus"
"1841","ASV772","Sebastes melanostictus"
"1842","ASV773","Sebastes melanostictus"
"1843","ASV774","Sebastes borealis"
"1844","ASV775","Sebastes alutus"
"1845","ASV776","Sebastes alutus"
"1846","ASV777","Sebastes alutus"
"1847","ASV778","Sebastes zacentrus"
"1848","ASV779","Sebastes zacentrus"
"1849","ASV78","Sebastes alutus"
"1850","ASV780","Sebastes zacentrus"
"1851","ASV781","Sebastes proriger"
"1852","ASV782","Sebastes wilsoni"
"1853","ASV783","Sebastes melanostictus"
"1854","ASV784","Sebastes carnatus"
"1855","ASV785","Sebastes carnatus"
"1856","ASV786","Sebastes carnatus"
"1857","ASV787","Sebastes melanostictus"
"1858","ASV788","Sebastes melanostictus"
"1859","ASV789","Sebastes melanostictus"
"1860","ASV79","Sebastes alutus"
"1861","ASV790","Sebastes melanostictus"
"1862","ASV791","Sebastes borealis"
"1863","ASV792","Sebastes alutus"
"1864","ASV793","Sebastes zacentrus"
"1865","ASV794","Sebastes proriger"
"1866","ASV795","Sebastes proriger"
"1867","ASV796","Sebastes wilsoni"
"1868","ASV797","Sebastes wilsoni"
"1869","ASV798","Sebastes melanostictus"
"1870","ASV799","Sebastes melanostictus"
"1871","ASV8","Sebastes zacentrus"
"1872","ASV80","Sebastes alutus"
"1873","ASV800","Sebastes melanostictus"
"1874","ASV801","Sebastes borealis"
"1875","ASV802","Sebastes proriger"
"1876","ASV803","Sebastes wilsoni"
"1877","ASV804","Sebastes wilsoni"
"1878","ASV805","Sebastes wilsoni"
"1879","ASV806","Sebastes melanostictus"
"1880","ASV807","Sebastolobus alascanus"
"1881","ASV808","Sebastes carnatus"
"1882","ASV809","Sebastes melanostictus"
"1883","ASV81","Sebastes polyspinis"
"1884","ASV810","Sebastes melanostictus"
"1885","ASV811","Sebastes melanostictus"
"1886","ASV812","Sebastes melanostictus"
"1887","ASV813","Sebastes melanostictus"
"1888","ASV814","Sebastes melanostictus"
"1889","ASV815","Sebastes melanostictus"
"1890","ASV816","Sebastes melanostictus"
"1891","ASV817","Sebastes alutus"
"1892","ASV818","Sebastes alutus"
"1893","ASV819","Sebastes zacentrus"
"1894","ASV82","Sebastes carnatus"
"1895","ASV820","Sebastes proriger"
"1896","ASV821","Sebastes proriger"
"1897","ASV822","Sebastes wilsoni"
"1898","ASV823","Sebastes wilsoni"
"1899","ASV824","Sebastes wilsoni"
"1900","ASV825","Sebastes wilsoni"
"1901","ASV826","Sebastes melanostictus"
"1902","ASV827","Sebastes melanostictus"
"1903","ASV828","Sebastes melanostictus"
"1904","ASV829","Sebastes melanostictus"
"1905","ASV83","Sebastolobus alascanus"
"1906","ASV830","Sebastes melanostictus"
"1907","ASV831","Sebastes borealis"
"1908","ASV832","Sebastes borealis"
"1909","ASV833","Sebastes proriger"
"1910","ASV834","Sebastes proriger"
"1911","ASV835","Sebastes proriger"
"1912","ASV836","Sebastolobus alascanus"
"1913","ASV837","Sebastes zacentrus"
"1914","ASV838","Sebastes melanostictus"
"1915","ASV839","Sebastes alutus"
"1916","ASV84","Sebastes alutus"
"1917","ASV840","Sebastes crameri"
"1918","ASV841","Sebastes melanostictus"
"1919","ASV842","Sebastes melanostictus"
"1920","ASV843","Sebastes melanostictus"
"1921","ASV844","Sebastes alutus"
"1922","ASV845","Sebastes alutus"
"1923","ASV846","Sebastes borealis"
"1924","ASV847","Sebastes borealis"
"1925","ASV848","Sebastes alutus"
"1926","ASV849","Sebastes zacentrus"
"1927","ASV85","Sebastes alutus"
"1928","ASV850","Sebastes proriger"
"1929","ASV851","Sebastes melanostictus"
"1930","ASV852","Sebastes melanostictus"
"1931","ASV853","Sebastes melanostictus"
"1932","ASV854","Sebastes melanostictus"
"1933","ASV855","Sebastes melanostictus"
"1934","ASV856","Sebastes alutus"
"1935","ASV857","Sebastes alutus"
"1936","ASV858","Sebastes alutus"
"1937","ASV859","Sebastes zacentrus"
"1938","ASV86","Sebastes alutus"
"1939","ASV860","Sebastes zacentrus"
"1940","ASV861","Sebastes zacentrus"
"1941","ASV862","Sebastes wilsoni"
"1942","ASV863","Sebastes wilsoni"
"1943","ASV864","Sebastes proriger"
"1944","ASV865","Sebastes alutus"
"1945","ASV866","Sebastolobus alascanus"
"1946","ASV867","Sebastolobus alascanus"
"1947","ASV868","Sebastes melanostictus"
"1948","ASV869","Sebastes melanostictus"
"1949","ASV87","Sebastes alutus"
"1950","ASV870","Sebastes melanostictus"
"1951","ASV871","Sebastes crameri"
"1952","ASV872","Sebastes melanostictus"
"1953","ASV873","Sebastes melanostictus"
"1954","ASV874","Sebastes melanostictus"
"1955","ASV875","Sebastes melanostictus"
"1956","ASV876","Sebastes melanostictus"
"1957","ASV877","Sebastes melanostictus"
"1958","ASV878","Sebastes melanostictus"
"1959","ASV879","Sebastes alutus"
"1960","ASV88","Sebastes alutus"
"1961","ASV880","Sebastes zacentrus"
"1962","ASV881","Sebastes zacentrus"
"1963","ASV882","Sebastes zacentrus"
"1964","ASV883","Sebastes wilsoni"
"1965","ASV884","Sebastes wilsoni"
"1966","ASV885","Sebastes proriger"
"1967","ASV886","Sebastes carnatus"
"1968","ASV887","Sebastes melanostictus"
"1969","ASV888","Sebastes melanostictus"
"1970","ASV889","Sebastes alutus"
"1971","ASV89","Sebastolobus alascanus"
"1972","ASV890","Sebastes melanostictus"
"1973","ASV891","Sebastes melanostictus"
"1974","ASV892","Sebastes melanostictus"
"1975","ASV893","Sebastes melanostictus"
"1976","ASV894","Sebastes borealis"
"1977","ASV895","Sebastes alutus"
"1978","ASV896","Sebastes alutus"
"1979","ASV897","Sebastes proriger"
"1980","ASV898","Sebastes proriger"
"1981","ASV899","Sebastes wilsoni"
"1982","ASV9","Sebastes melanostictus"
"1983","ASV90","Sebastes melanostictus"
"1984","ASV900","Sebastes melanostictus"
"1985","ASV901","Sebastes melanostictus"
"1986","ASV902","Sebastes crameri"
"1987","ASV903","Sebastes melanostictus"
"1988","ASV904","Sebastes melanostictus"
"1989","ASV905","Sebastes melanostictus"
"1990","ASV906","Sebastes zacentrus"
"1991","ASV907","Sebastes zacentrus"
"1992","ASV908","Sebastes zacentrus"
"1993","ASV909","Sebastes zacentrus"
"1994","ASV91","Sebastes alutus"
"1995","ASV910","Sebastes proriger"
"1996","ASV911","Sebastes wilsoni"
"1997","ASV912","Sebastes melanostictus"
"1998","ASV913","Sebastes melanostictus"
"1999","ASV914","Sebastes crameri"
"2000","ASV915","Sebastes crameri"
"2001","ASV916","Sebastes melanostictus"
"2002","ASV917","Sebastes melanostictus"
"2003","ASV918","Sebastes melanostictus"
"2004","ASV919","Sebastes melanostictus"
"2005","ASV92","Sebastes alutus"
"2006","ASV920","Sebastes alutus"
"2007","ASV921","Sebastes zacentrus"
"2008","ASV922","Sebastes zacentrus"
"2009","ASV923","Sebastes zacentrus"
"2010","ASV924","Sebastes zacentrus"
"2011","ASV925","Sebastes proriger"
"2012","ASV926","Sebastes wilsoni"
"2013","ASV927","Sebastes wilsoni"
"2014","ASV928","Sebastes wilsoni"
"2015","ASV929","Sebastolobus alascanus"
"2016","ASV93","Sebastes alutus"
"2017","ASV930","Sebastes melanostictus"
"2018","ASV931","Sebastes melanostictus"
"2019","ASV932","Sebastes melanostictus"
"2020","ASV933","Sebastes melanostictus"
"2021","ASV934","Sebastes crameri"
"2022","ASV935","Sebastes melanostictus"
"2023","ASV936","Sebastes melanostictus"
"2024","ASV937","Sebastes melanostictus"
"2025","ASV938","Sebastes melanostictus"
"2026","ASV939","Sebastes melanostictus"
"2027","ASV94","Sebastes proriger"
"2028","ASV940","Sebastes melanostictus"
"2029","ASV941","Sebastes borealis"
"2030","ASV942","Sebastes borealis"
"2031","ASV943","Sebastes alutus"
"2032","ASV944","Sebastes zacentrus"
"2033","ASV945","Sebastes zacentrus"
"2034","ASV946","Sebastes zacentrus"
"2035","ASV947","Sebastes proriger"
"2036","ASV948","Sebastes proriger"
"2037","ASV949","Sebastes proriger"
"2038","ASV95","Sebastes proriger"
"2039","ASV950","Sebastes proriger"
"2040","ASV951","Sebastes wilsoni"
"2041","ASV952","Sebastes melanostictus"
"2042","ASV953","Sebastolobus alascanus"
"2043","ASV955","Sebastes alutus"
"2044","ASV956","Sebastes melanostictus"
"2045","ASV957","Sebastes melanostictus"
"2046","ASV958","Sebastes melanostictus"
"2047","ASV959","Sebastes melanostictus"
"2048","ASV96","Sebastes alutus"
"2049","ASV960","Sebastes melanostictus"
"2050","ASV961","Sebastes melanostictus"
"2051","ASV962","Sebastes melanostictus"
"2052","ASV963","Sebastes melanostictus"
"2053","ASV964","Sebastes melanostictus"
"2054","ASV965","Sebastes melanostictus"
"2055","ASV966","Sebastes borealis"
"2056","ASV967","Sebastes alutus"
"2057","ASV968","Sebastes alutus"
"2058","ASV969","Sebastes zacentrus"
"2059","ASV97","Sebastes alutus"
"2060","ASV970","Sebastes proriger"
"2061","ASV971","Sebastes proriger"
"2062","ASV972","Sebastes melanostictus"
"2063","ASV973","Sebastes melanostictus"
"2064","ASV974","Sebastes carnatus"
"2065","ASV975","Sebastes zacentrus"
"2066","ASV976","Sebastes crameri"
"2067","ASV977","Sebastes melanostictus"
"2068","ASV978","Sebastes alutus"
"2069","ASV979","Sebastes zacentrus"
"2070","ASV98","Sebastes proriger"
"2071","ASV980","Sebastes zacentrus"
"2072","ASV981","Sebastes zacentrus"
"2073","ASV982","Sebastes zacentrus"
"2074","ASV983","Sebastes proriger"
"2075","ASV984","Sebastes proriger"
"2076","ASV985","Sebastes wilsoni"
"2077","ASV986","Sebastolobus alascanus"
"2078","ASV987","Sebastes borealis"
"2079","ASV988","Sebastes carnatus"
"2080","ASV989","Sebastes proriger"
"2081","ASV99","Sebastes alutus"
"2082","ASV990","Sebastes melanostictus"
"2083","ASV991","Sebastes melanostictus"
"2084","ASV992","Sebastes melanostictus"
"2085","ASV993","Sebastes melanostictus"
"2086","ASV994","Sebastes melanostictus"
"2087","ASV995","Sebastes crameri"
"2088","ASV996","Sebastes melanostictus"
"2089","ASV997","Sebastes melanostictus"
"2090","ASV998","Sebastes melanostictus"
"2091","ASV999","Sebastes borealis"
"2092","ASV1215","Sebastes"
"2093","ASV1406","Sebastes"
"2094","ASV1927","Sebastes"
"2095","ASV1928","Sebastes"
"2096","ASV1929","Sebastes"
"2097","ASV954","Sebastes"
