"","asv","asv_id"
"1","CACCGCGGCTATACGAGAGACCCAAGTTGATACCATTCGGCGTAAAGAGTGGTTATGGAAAATAAAGACTAAAGCCGCACACCTTCAAAGCTGTTATACGCATCCGAAGGCTAGAAGATCAACCACGAAGGTAGCTTTACAACCCCTGACCCCACGAAAGCTCTGGCA","ASV1"
"2","CACCGCGGCTATACGAGAGACCCAAGTTGATACCATTCGGCGTAAAGAGTGGTTATGGAAAATAAAGACTAAAGCCGCACACCTTCAAAGCTGTTATACGCACCCGAAGGCCAGAAGCTCAACCACGAAGGTAGCTTTACAACCCCTGACCCCACGAAAGCTCTGGCA","ASV2"
"3","CACCGCGGTTATACGAGAGACCCTAGTTGATATACTCGGCGTAAAGAGTGGTTATGGAAAACAAGCACTAAAGCCAAAGAGCCCTCAGGCCGTTATACGCACCCGGGGCCTCGAACCACTATCACGAAAGTAGCTTTACCCTCGCCCACCAGAACCCACGAGAGCTGGGACA","ASV3"
"4","CACCGCGGTTATACGAGAGGCCCAAGTTGACAAACAACGGCGTAAAGAGTGGTTAGGGGATTTACTAAACTAGAGCTGAACGCTTTCAAAGCTGTTATACGCACCCGAAAGTATGAAACCCAATTACGAAAGTAGCTCTACCTGTCCTGAACCCACGAAAGCTAAGGAA","ASV4"
"5","CACCGCGGTTATACGAGAGGCCCAAATTGATGAAAAACGGCGTAAAGCGTGGTTAAGAAAAAAAGAGAAAATATGGCCGAACAGCTTCAAAGCAGTTATACGCATCCGAAGTCACGAAGAACAATCACGAAAGTTGCCCTAAAACCTCCGATTCCACGAAAGCCATAAAA","ASV5"
"6","CACCGCGGTTATACGAGAGGCCCAAGTTGACAAACAACGGCGTAAAGAGTGGTTAGGGGATTTACTAAACTAGAGCCGAACGCTTTCAAAGCTGTTATACGCACCCGAAAGTATGAAACCCAATTACGAAAGTAGCTCTACTCATCCTGAACCCACGAAAGCTAAGAAA","ASV6"
"7","CACCGCGGTTATACGAGAGGCCCAAGTTGAAAGACATCGGCGTAAAGAGTGGTTAAGTAAAAACTAAACTAAAGTCGAACATCTTCAAGGCTGTTATACGCATCCGAAGACAAGAAGTTCAACCACGAAGGTGACTTTATTCGTACTGAACCCACGAAAGCTAGGACA","ASV7"
"8","CACCGCGGTCATACGAGTGTTAGCCCAAGCAGATGGTCAACGGCGTAAAGAGTGGTTAGGGAACCCTGAAACTAAAGCTGAACGCCCGCAGGGCCGTTATACGCATCCGACAGCATGAAACCCCACCACGAAAGTGGCTTTAACCTGACCCGAACCCACGACAGCTAAGACA","ASV8"
"9","CACCGCGGCTATACGAGAGACCCAAGTTGATACCATTCGGCGTAAAGAGTGGTTATGGAAAATAAAGACTAAAGCCGCACACCTTCAAAGCTGTTATACGCATCCGAAGGTTAGAAGATCAACCACGAAGGTAGCTTTACAACCCCTGACCCCACGAAAGCTCTGGCA","ASV9"
"10","CACCGCGGTTATACGAGAGGCCCCAACTGATAGTCCACGGCGTAAAGCGTGATTAAAGGATACCTACTACACTAGAGCCAAAAGCCCCCTAAGCTGTCATACGCACTTGAGAGCCCGAAGCCCAACCACGAAGGTAGCTCTACCCAACAAGGACCCCTTGAACCCACGACAACTGAGACA","ASV10"
"11","CACCGCGGTCATACGATTAACCCAAGCTAACAGGAGTACGGCGTAAAACGTGTTAAAGCACCATACCAAATAGGGTTAAATTCTAACTAAGCTGTAAAAAGCCATGATTAAAATAAAAATAAATGACGAAAGTGACCCTACAATAGCCGACGCACTATAGCTAAGACC","ASV11"
"12","CACCGCGGTTATACGAGAGGCCCAAGTTGACAGAAAGCGGCGTAAAGAGTGGTTAAGGAATATCAAAAAAACTAGAGCAGAACGCTTTCAGAGCAGTTATACGCATCCGAAAGTATGAAACCCAATTACGAAAGTAGCTTTATTTCCCCTGAACCCACGAAAGCTAAGAAA","ASV12"
"13","CACCGCGGTTATACGAGTGGCCCAAGTTGAAAGTTACCGGCGTAAAGAGTGGTTAGGGAAATAATAAACTAAAGCCGAACACCCTCTAGGCTGTTATACGCTTCTGAGGGTACGAAGCCCCACTACGAAAGTGGCTTTAATACACCTGAACCCACGACAACTAAGATA","ASV13"
"14","CACCGCGGTTATACGAGAGGCCCTAGTTGATAACTACCGGCGTAAAGAGTGGTTATGGAAAGATATTTAATAAAGCCGAACACCCCCTCAGCCGTCATACGCACCTGGGAGCACGAAGACCTACCGCGAAAGCAGCTTTAATTACGCCTGACCCCACGACAGCTAAGAAA","ASV14"
"15","CACCGCGGTTAAACGGGAGGCCCAAGTTGAAAGACAGCGGCGTAAAGCGTGGTTAAGGTACTATATTAAATAGGGCCGAATAGTCTCAAAGCAGTCAAATCTATTCGAGACCACGAAGCACATCCACGAAGGTGGCCCTAACACCCCTGACCCCACGAAAGCCATAACA","ASV15"
"16","CACCGCGGTTATACGAGAGGCCCAAATTGATGAAAAACGGCGTAAAGCGTGGTTAAGAAAAAAGAGAAAATATGGCCGAACAGCTTCAAAGCAGTTATACGCATCCGAAGTCACGAAGAACAATCACGAAAGTTGCCCTAAAACCTCCGATTCCACGAAAGCCATAAAA","ASV16"
"17","CACCGCGGTCATACGAGTGTTAGCCCAAGCAGATGGTCAACGGCGTAAAGAGTGGTTAGGGAACCCTAAAACTAAAGCTGAACGCCCGCAGGGCCGTTATACGCATCCGACAGCATGAAACCCCACCACGAAAGTGGCTTTAACCTGACCCGAACCCACGACAGCTAAGACA","ASV17"
"18","CACCGCGGTTATACGAGAGGCCCAAGTTGATAGCCATCGGCGTAAAGCGTGGTTAAATTAAAACTCATACTAAAGCCAAACATCTTCAAGACTGTTATACGTAACCGAAGACAGGAAGTTCAACCACGAAAGTGGCTTTATTTGATCTGAATCCACGAAAGCTAAGGAA","ASV18"
"19","CACCGCGGTCACACGATTAACCCAAGTCAATAGAAGCCGGCGTAAAGAGTGTTTTAGATCACCCCCTCCCCAATAAAGCTAAAACTCACCTGAGTTGTAAAAAACTCCAGTTGACACAAAATAGACTACGAAAGTGGCTTTAACATATCTGAACACACAATAGCTAAGACC","ASV19"
"20","CGCCGCGGTTATACGAGCGACCCAAATTAATGAGATAACGGCGTAAAGAGTGTATAAGAAAAACCTTGTACTTATTAAAGTTAAAATGGTGCTTAACTGTTATACGTACCCGCACAAATGAAAAACAATTAAAAAAGAAACTTTATAAAAACAAGGCCTCTGAAAACACGATAGCTAAAAAA","ASV20"
"21","CACCGCGGTCATACGATTAACCCAAATTAATAGATCCACGGCGTAAAGAGTGTTTAAGAAAAAAAACCACAATAGAGTTAAATTATAACTAAGCTGTAAAAAGCCCTAGTTAAAATAAAATAACCCACGAAAGTGACTCTAATAATCCTGACACACGATAGCTAGGACC","ASV21"
"22","CACCGCGGTTATACGAGAGGCCCTAGTTGATAACTACCGGCGTAAAGAGTGGTTATGGAAAATATTTAATAAAGCCGAACACCCCCTCAGCCGTCATACGCATCTGGGAGCACGAAGACCTACTGCGAAAGCAGCTTTAATTATGCCTGACCCCACGACAGCTAAGAAA","ASV22"
"23","CACCGCGGTCATACGATTAACCCAAATTAATAGATCCACGGCGTAAAGAGTGTTTAAGAAAAAAAAACCACAATAGAGTTAAATTATAACTAAGCTGTAAAAAGCCCTAGTTAAAATAAAATAACCCACGAAAGTGACTCTAATAATCCTGACACACGATAGCTAGGACC","ASV23"
"24","CACCGCGGTTATACGAGAGGCCCAAATTGATGAAAAACGGCGTAAAGCGTGGTTAAGAAAAAGAGAGAAAATATGGCCGAACAGCTTCAAAGCAGTTATACGCATCCGAAGTCACGAAGAACAATCACGAAAGTTGCCCTAAAACCTCCGATTCCACGAAAGCCATAAAA","ASV24"
"25","CACCGCGGTTATACGAGAGGCCCTAGTTGATAACTACCGGCGTAAAGAGTGGTTATGGAAAATATTTAATAAAGCCGAACACCCCCTCAGCCGTCATACGCACCTGGGAGCACGAAGACCTACCGCGAAAGCAGCTTTAATTATGCCTGACCCCACGACAGCTAAGAAA","ASV25"
"26","CACCGCGGTTATACGAGAGGCCCAAGTTGACAGACATCGGCGTAAAGAGTGGTTAAGTTAAAATTTAAACTAAAGCCGAACATCCTCAAGGCTGTTATACGCACCCGAAGATAAGAAGTTCAACCACGAAGGTGGCTTTATTTAGTCTGAACCCACGAAAGCTACGGCA","ASV26"
"27","CACCGCGGTTATACGAGAGGCCCTAGTTGATAACTACCGGCGTAAAGAGTGGTTATGGAAAAATATTTAATAAAGCCGAACACCCCCTCAGCCGTCATACGCATCTGGGAGCACGAAGACCTACTGCGAAAGCAGCTTTAATTATGCCTGACCCCACGACAGCTAAGAAA","ASV27"
"28","CACCGCGGTTATACGAGAGGCCCAAGTTGACAAACAACGGCGTAAAGAGTGGTTAGGGGATTTACTAAACTAGAGCCGAACGCTTTCAAAGCTGTTATACGCACCCGAAAGTATGAAACCCAATTACGAAAGTAGCTCTACTTATCCTGAACCCACGAAAGCTAAGGAA","ASV28"
"29","CACCGCGGTCATACGAGTGTTAGCCCAAGCAGATGGTCAACGGCGTAAAGAGTGGTTAGGGAACCCTGAAACTAAAGCTGAACGCCTGCAGGGCCGTTATACGCATCCGACAGCATGAAACCCCACCACGAAAGTGGCTTTAACCTGACCCGAACCCACGACAGCTAAGACA","ASV29"
"30","CACCGCGGTTATACGAGAGGCCCAAGCTGATAGACCCCGGCGTAAAGAGTGGTTAAGGTAAACTTAAAACTAAAGCCGAACACCCTCACAGCTGTTATACGCACCCGAGAGTAAGAAGCCCAACTACGAAAGTGGCTTTACAACCCCTGAACCCACGAAAGCTATGACA","ASV30"
"31","CACCGCGGTTATACGAGAGGCCCAAGTTAACAAACAACGGCGTAAAGAGTGGTTAGGGGATTTACTAAACTAGAGCTGAACGCTTTCAAAGCTGTTATACGCACCCGAAAGTATGAAACCCAATTACGAAAGTAGCTCTACCTGTCCTGAACCCACGAAAGCTAAGGAA","ASV31"
"32","CACCGCGGTTATACGAGAGGCCCAAGTAGATAGACACCGGCGTAAAGAGTGGTTAAGTTAAAACTCACACTAAAGCCAAACATCTTCAAGACTGTTATACGTAACCGAAGACCGGAAGTTCAACCACGAAAGTGGCTTTATTTGATCTGAACCCACGAAAGCTACGGCA","ASV32"
"33","CACCGCGGTTATACGAGAGGCCCAAGTTGACAAACACCGGCGTAAAGAGTGGTTAAGTTAAAATTTATACTAAAGCCGAACATCTTCAAGGCTGTTATACGCAACCGAAGACAGGAAGTTCAACCACGAAGGTGGCTTTATCTCATCTGAACCCACGAAAGCTAAGGAA","ASV33"
"34","CACCGCGGTTAAACGGGAGGCCCAAGTTGAAAGACAGCGGCGTAAAGCGTGGTTAAGGTAATATATTAAATAGGGCCGAATAGTCTCAAAGCAGTCAAATCTATTCGAGACCACGAAGCACATCCACGAAGGTGGCCCTAACACCCCTGACCCCACGAAAGCCATAACA","ASV34"
"35","CACCGCGGTTATACGAGAGGCCCAAGTTGATGATCACCGGCGTAAAGAGTGGTTACGGAAATACTTCACTAAAGCCGAACACCCTCCAGGCTGTCATACGCATCTGAGGCTACGAAGCTCTCCTACGAAAGTGGCTTTACTCCTCCCTGAACCCACGACAGCTATGAAA","ASV35"
"36","CACCGCGGTTATACGAGAGGCCCAAGTTGAAAGACCCCGGCGTAAAGAGTGGTTAAGCTAGTTTTTATATTAAAGCCGAACACCCTCACGGCTGTTATACGCACCCGAAGATAAGAAGCTCAACCACGAAGGTGGCTTTATATGCCTGAACCCACGAAAGCTACGGCA","ASV36"
"37","CACCGCGGTTATACGAGAGGCCCAAGTTGAAAGACATCGGCGTAAAGAGTGGTTAAGTTAAAATTTATACTAAAGCCGAACATCCTCAAGGCTGTTATACGCACCCGAAGATAAGAAGTTCAACCACGAAAGTGGCTTTATTTAAGCTGAACCCACGAAAGCTACGGCA","ASV37"
"38","CACCGCGGTTATACGAGGGGCCCAAATTGATGAAAACGGCGTAAAGCGTGGTTAAGAAAAAGAGAGAAAATATGGCCGAACAGCTTCAAAGCAGTTATACGCATCCGAAGTCACGAAGAACAATCACGAAAGTTGCCCTAAAACCTCCGATTCCACGAAAGCCATAAAA","ASV38"
"39","CACCGCGGTTATACGAGAGGCCCTAGTTGATAACTACCGGCGTAAAGAGTGGTTATGGAAAAATATTTAATAAAGCCGAACACCCCCTCAGCCGTCATACGCACCTGGGAGCACGAAGACCTACTGCGAAAGCAGCTTTAACTATGCCTGACCCCACGACAGCTAAGAAA","ASV39"
"40","CACCGCGGTTATACGAGAGACCCTAGTTGATATACTCGGCGTAAAGAGTGGTTATGGAGAACAAGCACTAAAGCCAAAGAGCCCTCAGGCCGTTATACGCACCCGGGGCCTCGAACCACTATCACGAAAGTAGCTTTACCCTCGCCCACCAGAACCCACGAGAGCTGGGACA","ASV40"
"41","CACCGCGGTTATACGAGAGGCCCAAGTTGACAGAAAGCGGCGTAAAGAGTGGTTAAGGAATATCAAAAAAACTAGAGCGGAACGCTTTCAGAGCAGTTATACGCATCCGAAAGTATGAAACCCAATTACGAAAGTAGCTTTATTTCCCCTGAACCCACGAAAGCTAAGAAA","ASV41"
"42","CACCGCGGTTAGACGAGAGGCCCTAGTTGATATTACAACGGCGTAAAGGGTGGTTAAGGATAAACAAAAATAAAGTCAAATGGCCCCTTGGCCGTCATACGCTTCTAGGAGTCCGAAGCCCTAATACGAAAGTAACTTTAATAAACCCACCTGACCCCACGAAAGCTGAGAAA","ASV42"
"43","CACCGCGGTTATACGAGAGGCCCAAATTGATGAAAAACGGCGTAAAGCGTGGTTAAGAAAAAAAGAGAAAATATGGCCGAACAACTTCAAAGCAGTTATACGCATCCGAAGTCACGAAGAACAATCACGAAAGTTGCCCTAAAACCTCCGATTCCACGAAAGCCATAAAA","ASV43"
"44","CACCGCGGTTATACGAGAGGCCCAAATTGATGAAAAACGGCGTAAAGCGTGGTTAAGAAAAAAAGAGAAAATATGGCCGAACAGCTTCAAAGCAGTTATACGCATCCGAAGTCACGAAGAACAATCACGAAAGTTGCCCTAAAACCTCTGATCCCACGAAAGCCATAAAA","ASV44"
"45","CACCGCGGTTATACGAGAGGCCCAAATTGATGAAAAACGGCGTAAAGCGTGGTTAAGAAAAAAGAGAAAATATGGCCGAACAGCTTCAAAGCAGTTATACGCATCCGAAGTCACGAAGAACAGTCACGAAAGTTGCCCTAAAACCTCCGATTCCACGAAAGCCATAAAA","ASV45"
"46","CACCGCGGTCATACGAGTGTTAGCCCAAGCAGATGGTCAACGGCGTAAAGAGTGGTTAGGGAACCCTGAAACTAAAGCTAAACGCCCGCAGGGCCGTTATACGCATCCGACAGCATGAAACCCCACCACGAAAGTGGCTTTAACCTGACCCGAACCCACGACAGCTAAGACA","ASV46"
"47","GACCGCGGTTAGACGAGCGGCTCAAGCTGATAGCCCCCGGCGTAAAGCGTGGTTAAGGGATAAAATAAACTAAAGCCGAATGCCCTCAAAGCTGTTATACGCACCCGAAGGTATGAAGTACCACCACGAAAGTGGCTTTAACCCTCCCCCTGACCCCACGAAAGCTACGCAA","ASV47"
"48","CACCGCGGTTATACGAGAGGCCCAAGTTGATGGTCACCGGCGTAAAGAGTGGTTACGGAAATTTTAAACTAGAGCCGAATACCCTTTAGGCTGTCATACGCACCTGAGGGCACGAAGCCCCCTCACGAAAGTGGCTTTACTCCCCCTTCCCCGAACCCACGACAGCTATGTCA","ASV48"
"49","CACCGCGGTTATACGAGAGGCCCAAGTTGACAAACAACGGCGTAAAGAGTGGTTAGGGGATTTAATAAACTAGAGCCGAACGCTTTCAAAGCTGTTATACGCACCCGAAAGTATGAAACCCAATTACGAAAGTAGCTCTACCTATCCTGAACCCACGAAAGCTAAGGAA","ASV49"
"50","CACCGCGGTTATACGAGAGGCCCAAGTTGACAAACAACGGCGTAAAGGGTGGTTAGGGGATTTACTAAACTAGAGCCGAACGCTTTCAAAGCTGTTATACGCACCCGAAAGTATGAAACCCAATTACGAAAGTAGCTCTACCTGTCCTGAACCCACGAAAGCTAAGAAA","ASV50"
"51","CACCGCGGCTATACGAGAGACCCAAGTTGATACCATTCGGCGTAAAGAGTGGTTATGGAAAATAAAGACTAAAGCCGCACACCTTCAAAGCTGTTATACGCATCCGAAGGCTAGAAGACCAACCACGAAGGTAGCTTTACAACCCCTGACCCCACGAAAGCTCCGGCA","ASV51"
"52","CACCGCGGTTATACGAGAGGCCCAAGTAGATGGACACCGGCGTAAAGAGTGGTTAAGTTAAAACTCACACTAAAGCCAAACATCTTCAAGACTGTTATACGTAACCGAAGACCGGAAGTTCAACCACGAAAGTGGCTTTATTTGATCTGAACCCACGAAAGCTACGGCA","ASV52"
"53","CACCGCGGTCATACGAGTGTAAGCCCAAGTGGATGGTCAACGGCGTAAAGTGTGGTTAGGGAAGCCCAATACTAAAGCTGAACGCCCACAGGGCCGTTATACGCATCCGAGAGCATGAACCCCCGCCACGAAGGTGGCTTTAACCTTACCCGAACCCACGACAGCTAGGGCA","ASV53"
"54","CACCGCGGTTATACGAGTGGCCCAAGTTGAAAGTTACCGGCGTAAAGAGTGGTTAGGGAAATAATAAACTAAAGTCGAACACCCCCTAGGCTGTTATACGCTTCTGGGGGAACGAAGCCCCACTACGAAGGTGGCTTTAATACACCTGAACCCACGACAACTAAGATA","ASV54"
"55","CACCGCGGTTATACGAGAGGCCCAAGTTGACAGAAAGCGGCGTAAAGAGTGGTTAAGGAATATCAGAAAAACTAGAGCAGAACGCTTTCAGAGCAGTTATACGCATCCGAAAGTATGAAACCCAATTACGAAAGTAGCTTTATTTCCCCTGAACCCACGAAAGCTAAGAAA","ASV55"
"56","CACCGCGGTTATACGAGAGGCCCCAGTTGATAAACACGGCGTAAAGAGTGGTTAAGAATTATACCGAACTAAAGCCGAAGGTCCCCTAAGCCGTCATACGCACCTGGGGGTACGAAGCCCCATCACGAAAGTAGCTTTATTCAAGCCCGCCTGACCCCACGACAGCTAAGACA","ASV56"
"57","CACCGCGGTTATACGAGAGGCCCTAGTTGATAACTACCGGCGTAAAGAGTGGTTATGGAAAAATATTTAATAAAGCCGAACACCCCCTCAGCCGTCATACGCACCTGGGGGCACGAAGACCTACTGCGAAAGCAGCTTTAATTACACCTGACCCCACGACAGCTAAGAAA","ASV57"
"58","CACCGCGGCTATACGAGAGACCCAAGTTGATACCATTCGGCGTAAAGAGTGGTTATGGAAAATAAAGACTAAAGCCGCACACCTTCAAAGCTGTTATACGCATCCGAAGGCTAGGAGATCAACCACGAAGGTAGCTTTACAACCCCTGACCCCACGAAAGCTCTGGCA","ASV58"
"59","CACCGCGGTCATACGAGTGTAAGCCCAAGTGGATGGTCAACGGCGTAAAGTGTGGTTAGGGAAGCCCAATACTAAAGCTGAACGCCCACAGGGCCGTTATACGCATCCGAGAGCATGAAACCCCGCCACGAAGGTGGCTTTAACCTTACCCGAACCCACGACAGCTAGGGCA","ASV59"
"60","CACCGCGGTCATACGATTAACCCAAATTAATAGATCCACGGCGTAAAGAGTGTTTAAGAAAAAAAAATCACAATAGAGTTAAATTATAACTAAGCTGTAAAAAGCCCTAGTTAAAATAAAATAACCCACGAAAGTGACTCTAATAATCCTGACACACGATAGCTAGGACC","ASV60"
"61","CACCGCGGTTATACGAGAGGCCCAAGTTGACAAACACCGGCGTAAAGCGTGGTTAAGTAAAAACTCACACTAAAGCCAAACATCTTCCAGGCTGTTATACGCAACCGAAGACAGGAAGTTCAACCACGAAAGTGGCTTTATCTAGTCTGAACCCACGAAAGCTAAGGAA","ASV61"
"62","CACCGCGGTTATACGAGAGACCCTAGTTGATATACTCGGCGTAAAGAGTGGTTATGGAAAACAAGCACTAAAGCCAAAGAGCCCTCAGGCCGTTATACGCACCCGGGGCCTCGAACCACTATCACGAAAGTAGCTTTACCCTCGCCCACCAGAATCCACGAGAGCTGGGACA","ASV62"
"63","CACCGCGGTTATACGAGAGACCCTAGTTGATATACTCGGCGTAAAGAGTGGTTATGGAAAACAAGCACTAGAGCCAAAGAGCCCTCAGGCCGTTATACGCACCCGGGGCCTCGAACCACTATCACGAAAGTAGCTTTACCCTCGCCCACCAGAACCCACGAGAGCTGGGACA","ASV63"
"64","CACCGCGGTTATACGAGAGGCCCTAGTTGATATACTCGGCGTAAAGAGTGGTTATGGAAAACAAGCACTAAAGCCAAAGAGCCCTCAGGCCGTTATACGCACCCGGGGCCTCGAACCACTATCACGAAAGTAGCTTTACCCTCGCCCACCAGAACCCACGAGAGCTGGGACA","ASV64"
"65","CACCGCGGCTATACGAGAGACCCAAGTTGATACCATTCGGCGTAAAGAGTGGTTATGGAAAATAGAGACTAAAGCCGCACACCTTCAAAGCTGTTATACGCATCCGAAGGCTAGAAGATCAACCACGAAGGTAGCTTTACAACCCCTGACCCCACGAAAGCTCTGGCA","ASV65"
"66","CACCGCGGCTATACGAGAGACCCAAGTTGATACCATTCGGCGTAAAGAGTGGTTATGGAAAATAAAAACTAAAGCCGCACACCTTCAAAGCTGTTATACGCATCCGAAGGCTAGAAGATCAACCACGAAGGTAGCTTTACAACCCCTGACCCCACGAAAGCTCTGGCA","ASV66"
"67","CACCGCGGTTATACGAGAGGCCCAAGTTGACAAACAACGGCGTAAAGAGTGGTTAGGGAATTTACTAAACTAGAGCCGAACGCTTTCAAAGCTGTTATACGCACCCGAAAGTATGAAACCCAATTACGAAAGTAGCTCTACCTGTCCTGAACCCACGAAAGCTAAGAAA","ASV67"
"68","CACCGCGGTTATACGAGAGGCCCAAATTGATGAAAAACGGCGTAAAGCGTGGTTAAGAAAAAAAGAGAAAATATGGCCGAACAACTTCAAAGCAGTTATACGCATCCGAAGTCACGAAGAACAATCACGAAAGTTGCCCTAAAGCCTCCGATTCCACGAAAGCCATAAAA","ASV68"
"69","CACCGCGGTCAAACGAGCTAGTGCCCGAGCAGATAACTAACGGCGTAAAGAGTGGTTAGGGAAACCCAAAACTAAAGCTGAACGCCCGCAGGGCTGTAATACGCATCCGACGGTACGAAACCCCACCACGAAAGTGACTTTAACCAACCCGAACCCACGATAGCCAGGATA","ASV69"
"70","CACCGCGGTTATACGAGAGGCCCAAATTGATGAAAAACGGCGTAAAGCGTGGTTAAGAAAAGAGAGAAAATATGGCCGAACAGCTTCAAAGCAGTTATACGCATCCGAAGTCACGAAGAACAATCACGAAAGTTGCCCTAAAACCTCCGATTCCACGAAAGCCATAAAA","ASV70"
"71","CACCGCGGTTATACGAGAGGCCCTAGTTGATAACTACCGGCGTAAAGAGTGGTTATGGAAAAATATTTAATAAAGCCGAACACCCCCTCAGCCGTCATACGCACCTGGGAGCACGAAGACCTACTGCGAAAGCAGCTTTAATTATGCCTGACCCCACGACAGCTAAGAAA","ASV71"
"72","CACCGCGGTCATACGAGTGTAAGCCCAAGTGGATGGTCAACGGCGTAAAGTGTGGTTAGGGAAACCCAATACTAAAGCTGAACGCCCACAGGGCCGTTATACGCATCCGAGAGCATGAACCCCCGCCACGAAGGTGGCTTTAACCTTACCCGAACCCACGACAGCTAGGGCA","ASV72"
"73","CACCGCGGTTATACGAGAGGCCCAAGTTGAAAGACCCCGGCGTAAAGAGTGGTTAAGCTAGATTTTATATTAAAGCCGAACATCCTCACGGCTGTTATACGCATCCGAAGATAAGAAGCTCAACCACGAAGGTAGCTTTATATGTCTGAACCCACGAAAGCTACGGCA","ASV73"
"74","CACCGCGGTCATACGAGTGTTAGCCCAAGCAGATGGTCAACGGCGTAAAGAGTGGTTAGGGAACCCTAAAACTAAAGCTGAACGCCCGCAGGGCCGTTATACGCATCCGACAGCATGAAGCCCCACCACGAAAGTGGCTTTAACCTAACCCGAACCCACGACAGCTAAGACA","ASV74"
"75","CACCGCGGTCATACGATTAACCCAAGCTAACAGGAGTACGGCGTAAAACGTGTTAAAGCACCATACCAAATAGGGTTAAATTCTAACTAAGCTGTAAAAAGCCATGATTAAAATAAAAATAAATGACTAAAGTGACCCTACAATAGCCGACGCACTATAGCTAAGACC","ASV75"
"76","CACCGCGGTCATACGAGTGTTAGCCCAAGCAGATGGTCAACGGCGTAAAGAGTGGTTAGGGAACCCTGAAACTAAAGCTGAACGCCCGCAGGGCCGTTATACGCATCCGACAGCATGAAACCCGACCACGAAAGTGGCTTTAACCTGACCCGAACCCACGACAGCTAAGACA","ASV76"
"77","CACCGCGGTCATACGAGTGTTAGCCCGAGCAGATGGTCAACGGCGTAAAGAGTGGTTAGGGAACCCTGAAACTAAAGCTGAACGCCCGCAGGGCCGTTATACGCATCCGACAGCATGAAACCCCACCACGAAAGTGGCTTTAACCTGACCCGAACCCACGACAGCTAAGACA","ASV77"
"78","CACCGCGGTTATACGAGAGGCCCTAGTTGATAACTACCGGCGTAAAGAGTGGTTATGGAAAAATATTTAATAAAGCCGAACACCCCCTCAGCCGTCATACGCACCTGGGAGCACGAAGACCTACCGCGAAAGCAGCTTTAATTATGCCTGACCCCACGACAGCTAAGAAA","ASV78"
"79","CACCGCGGTTATACGAGAGGCCCAAATTGATGAAAAACGGCGTAAAGCGTGGTTAAGAAAAAAAGAGAAAATATGGCCGAACAGCTTCAAAGCAGTTATACGCATCCGAAGTTACGAAGAACAATCACGAAAGTTGCCCTAAAACCTCCGATTCCACGAAAGCCATAAAA","ASV79"
"80","CACCGCGGTCATACGAGTGTAAGCCCAAGTGGATGGTCAACGGCGTAAAGTGTGGTTAGGGAAACCCAATACTAAAGCTGAACGCCCACAGGGCCGTTATACGCATCCGAGAGCATGAAACCCCGCCACGAAGGTGGCTTTAACCTTACCCGAACCCACGACAGCTAGGGCA","ASV80"
"81","GACCGCGGTTAGACGAGCGGCCCAAGCTGATAGCCCCCGGCGTAAAGCGTGGTTAAGGGATAAAATAAACTAAAGCCGAATGCCCTCAAAGCTGTTATACGCACCCGAAGGTATGAAGTACCACCACGAAAGTGGCTTTAACCCTCCCCCTGACCCCACGAAAGCTACGCAA","ASV81"
"82","CACCGCGGTCATACGAGTGTTAGCCCAAGCAGATGGTCAACGGCGTAAAAAGTGGTTAGGGAACCCTGAAACTAAAGCTGAACGCCCGCAGGGCCGTTATACGCATCCGACAGCATGAAACCCCACCACGAAAGTGGCTTTAACCTGACCCGAACCCACGACAGCTAAGACA","ASV82"
"83","CACCGCGGTCATACGAGTGTTAGCCCAAGCAGATGGTCAACGGCGTAAAGAGTGGTTAGGGGACCCTAAAACTAAAGCTGAACGCCCGCAGGGCCGTTATACGCATCCGACAGCATGAAACCCCACCACGAAAGTGGCTTTAACCTGACCCGAACCCACGACAGCTAAGACA","ASV83"
"84","CACCGCGGTTATACGGGGGGCCCAAGCTGACAAACATCGGCGTAAAGAGTGGTTACGGATTAACCCCACACTAAAGTCAAACACCCCCCCCGCTGTTATACGCATCCGGGGGCAGGAAGCTCCACCACGAAAGTGACTTTAACATTTCTCCCGAACCCACTACAGCTAGGGAA","ASV84"
"85","CACCGCGGTTATACGAGGGACCCTAGTTGATATACTCGGCGTAAAGAGTGGTTATGGAAAACAAGCACTAAAGCCAAAGAGCCCTCAGGCCGTTATACGCACCCGGGGCCTCGAACCACTGTCACGAAAGTAGCTTTACCCTCGCCCACCAGAACCCACGAGAGCTGGGACA","ASV85"
"86","CACCGCGTCTATACGAGAGACCCAAGTTGATACCATTCGGCGTAAAGAGTGGTTATGGAAAATAAAGACTAAAGCCGCACACCTTCAAAGCTGTTATACGCATCCGAAGGCTAGAAGATCAACCACGAAGGTAGCTTTACAACCCCTGACCCCACGAAAGCTCTGGCA","ASV86"
"87","CACCGCGGTCATACGAGTGTTAGCCCAAGCAGATGGTCAACGGCGTAAAGAGTGGTTAGGGAACCCTAAAACTAAAGCTGAACGCCTGCAGGGCCGTTATACGCATCCGACAGCATGAAACCCCACCACGAAAGTGGCTTTAACCTCACCCGAACCCACGACAGCTAAGACA","ASV87"
"88","CACCGCGGTTATACGAAAGACCCTAGTTGATAAATACGGCGTAAAGGGTGGTTAAGGAAAACAAGTAATAAAGCTAAAGACCCTCTAAGCTGTCATACGCATTCCGAGAGCACGAAACCCAAACACGAAAGTAGCTTTAAACATTATTACCTGACCCCACGAAAGCTAAGAAA","ASV88"
"89","CACCGCGGTCATACAAGTGTTAGCCCAAGTGGACAATTACGGCGTAAAGCGTGGTTAGGGAACGCCCCCCACTAAAGAAGAACCTCCTCCCGGCCGTTATACGCACCCGATAGTATGAAACCCCACCACGAAAGTGACTTTAACCTAGCCTGAATCCACGAAAGCTGAGGAAA","ASV89"
"90","CACCGCGGCTATACGAGAGACCCAAGTTGATACCATTCGGCGTAAAGAGTGGTTATGGAAAATAAATACTAAAGCCGCACACCTTCAAAGCTGTTATACGCATCCGAAGGTTAGAAGACCAACCACGAAGGTAGCTTTACAACCCCTGACCCCACGAAAGCTCTGGCA","ASV90"
"91","CACCGCGGTCATACGATTGACCCGAATTAATAGACATCCGGCGTAAAGAGTGTCAAGGAGTAGCATAAAATAAAGTCAAATCTTAGTTAAGCTGTAAAAAGCCGTAACTAAGCCTAAGCTAAACCACGAAGGTAACTTTATCACAAACCGAGTACACGACAACTAAGACC","ASV91"
"92","CACCGCGGTTATACGAGAGGCCCAAATTGATGAAAAACGGCGTAAAGCGTGGTTAAGAAAATAAGAGAAAAATATGGCCGAACAGCTTCAAAGCAGTTATACGCATTCGAAGCCACGAAGAACAACCACGAAAGTTGCCCTAAAACCTCTGATTCCACGAAAGCCATAAAA","ASV92"
"93","CACCGCGGTTATACGAGAGGCCCAAGTTGACAGATATCGGCGTAAAGCGTGGTTAAGGTAAACTAAAACTAAAGCCGAACACCTTCAGGGCAGTTATACGCATCCGAAGGCACGAAGCCCCACCACGAAAGTGGCTTTACAACTCCTGACTCCACGAAAGCTATGTCA","ASV93"
"94","CACCGCGGTTATACGAGAGGCCCAAGTTGACAGAAAGCGGCGTAAAGAGTGGTTAAGGAATATTAAAAAAACTAGAGCAGAACGCTTTCAGAGCAGTTATACGCATCCGAAAGTATGAAACCCAATTACGAAAGTAGCTTTATTTCCCCTGAACCCACGAAAGCTAAGAAA","ASV94"
"95","CACCGCGGTTAGACGAGAGGCCCTAGTTGATATTACAACGGCGTAAAGGGGGGTTAAGGATAAACAAAAATAAAGTCAAATGGCCCCTTGGCCGTCATACGCTTCTAGGAGTCCGAAGCCCTAATACGAAAGTAACTTTAATAAACCCACCTGACCCCACGAAAGCTGAGAAA","ASV95"
"96","CACCGCGGTCACACGATTAACCCAAGTCAATAGAAACCGGCGTAAAGAGTGTTTTAGATCAATTCCCCTCAATAAAGCTAAAATTCACCTGAGTTGTAAAAAACTCCAGTTGATACAAAATAAACGACGAAAGTGGCTTTAACGCATCTGAACACACAATAGCTAAGACC","ASV96"
"97","CACCGCGGTCATACGAGTGTTAGCCCAAGCAGATGGTCAACGGCGTAAAGAGTGGTTAGGGAACCCTGAAACTAAAGCTGAACGCCCGCAAAGCCGTTATACGCATCCGACAGCATGAAACCCCACCACGAAAGTGGCTTTAACCTGACCCGAACCCACGACAGCTAAGACA","ASV97"
"98","CACCGCGGTTATACGAGAGACCCTAGTTGATATACTCGGCGTAAAGAGTGGTTATGGAAAACAAGCACTAAAGCCAAAGAGCCCTCAGGCCGTTATACGCACCCGGGGCCTCGAACCACTATCACGAAAGTAGCTTTACCCGCGCCCACCAGAACCCACGAGAGCTGGGACA","ASV98"
"99","CACCGCGGTCATACGATTAACCCAAATTAATAGATCCACGGCGTAAAGAGTGTTTAAGAAAAAAAATCACAATAGAGTTAAATTATAACTAAGCTGTAAAAAGCCCTAGTTAAAATAAAATAACCCACGAAAGTGACTCTAATAATCCTGACACACGATAGCTAGGACC","ASV99"
"100","CACCGCGGTCATACGATTAACCTAAGCTAACATGAGTACGGCGTAAAACGTGTTAAAGCACCATACCAAATAGGGTTAAATTCTAACTAAGCTGTAAAAAGCCATGATTAAAATAAAAATAAATGACGAAAGTGACCCTACAATAGCCGACGCACTATAGCTAAGACC","ASV100"
"101","CACCGCGGCTATACGAGAGACCCAAGTTGATACCATTCGGCGTAAAGAGTGGTTATGGAAAATAAAGACTAAAGCCGCACACCTTCAAAGCTGTTATGCGCATCCGAAGGCTAGAAGATCAACCACGAAGGTAGCTTTACAACCCCTGACCCCACGAAAGCTCTGGCA","ASV101"
"102","CACCGCGGTTATACGAGAGGCCCAAATTGATGAAAAACGGCGTAAAGCGTGGTTAAGAAAAAAAGAGAAAATATGACCGAACAGCTTCAAAGCAGTTATACGCATCCGAAGTCACGAAGAACAATCACGAAAGTTGCCCTAAAACCTCCGATTCCACGAAAGCCATAAAA","ASV102"
"103","CACCGCGGCTATACGAGAGACCCAAGTTGATACCATTCGGCGTAAAGAGTGGTTATGGAAAATAAAGACTAAAGCCGCACATCTTCAAAGCTGTTATACGCATCCGAAGGCTAGAAGATCAACCACGAAGGTAGCTTTACAACCCCTGACCCCACGAAAGCTCTGGCA","ASV103"
"104","CACCGCGGTTATACGAGAGGCCCAAGTTGACAAACAACGGCGTAAAGAGTGGTTAGGGGATTTACTAAACTAGAGCCGAACGCTTTCAAAGCTGTTATACGCACCCGAAAGTATGAAACCCAATTACGAAAGTAGCTATACTCATCCTGAACCCACGAAAGCTAAGAAA","ASV104"
"105","CACCGCGGCTATACGAGAGACCCAAGTTGATACCATTCGGCGTAAAGAGTGGTTATGGAAAATAAAGACTAAAGCCGCACACCTTCAAAGCTGTTATACGCATCCGAAGGCTAGAAGATCAACCATGAAGGTAGCTTTACAACCCCTGACCCCACGAAAGCTCTGGCA","ASV105"
"106","CACTGCGGTTATACGAGAGGCCCAAGTTGAAAGACATCGGCGTAAAGAGTGGTTAAGTAAAAACTAAACTAAAGTCGAACATCTTCAAGGCTGTTATACGCATCCGAAGACAAGAAGTTCAACCACGAAGGTGACTTTATTCGTACTGAACCCACGAAAGCTAGGACA","ASV106"
"107","CACCGCGGCTATACGAGGGACCCAAGTTGATACCATTCGGCGTAAAGAGTGGTTATGGAAAATAAAGACTAAAGCCGCACACCTTCAAAGCTGTTATACGCATCCGAAGGCTAGAAGATCAACCACGAAGGTAGCTTTACAACCCCTGACCCCACGAAAGCTCTGGCA","ASV107"
"108","CACCGCGGTCATACGATTAACCCAAGCTAACAGGAGTACGGCGTAAAATGTGTTAAAGCACCACACCAAATAGGGTTAAATTCTAACCAAGCTGTAAAAAGCCATGATTAAAATAAAAATAAATGACGAAAGTGACCCTACAGTAGCCGACGCACTATAGCTAAGACC","ASV108"
"109","CACCGCGGTCATACGATTAACCCAAGCTAACAGGAGTACGGCGTAAAACGTGTTAAAGCACCATACCAAATAGGGTTAAATTCTAACTAAGCTGTAAAAAGCCATGATTAAAGTAAAAATAAATGACGAAAGTGACCCTACAATAGCCGACGCACTATAGCTAAGACC","ASV109"
"110","CACCGCGGTTATACGAGAGGCCCTAGTTGATAACTACCGGCGTAAAGAGTGGTTATGGAAAATATTTAATAAAGCCGAACACCCCCTCAACCGTCATACGCATCTGGGAGCACGAAGACCTACTGCGAAAGCAGCTTTAATTATGCCTGACCCCACGACAGCTAAGAAA","ASV110"
"111","CACCGCGGTCATACGAGTGTTAGCCCAAGCAGATGGTCAACGGCGTAAAGAGTGGTTAGGGAACCCTGAAACTAAAGCTGAACGCCCGCAAAGCCGTTATACGCATCCGACAGCATGAAACCCCACCACGAAAGTGGCTTTAACCTGACCCGAACCCACGACAGCTAAGATA","ASV111"
"112","CACCGCGGTTATACGAGAGGCCCAAGTTGATAGCCACCGGCGTAAAGCGTGGTTAAGTTAAAACTCATACTAAAATCAAACATCTTCAAGACTGTTATACGTAACCGAAGATAGGAAGTCCAACCACGAAAGTGATTTTACTTGATCTGAACCCACGAAAGCTAAGGAA","ASV112"
"113","CACTGTGGCCATACAATGAACCCAAGCTATACAATTAACCCAAGCTAATAGAACTCAGCGTAAAGAGTGTTTAAGATCTGCCCTCAATAAAGCTAAACTCCATTTAAGTTGTAAAAAACTTAGGCTGAAATAAAACATACTACGAATGTGGCTTTAATATCCTGAAGACACGACAGCTAAGATC","ASV113"
"114","CACCGCGGTTATACGAGAGGCCCAAGTTGATAGACACCGGCGTAAAGAGTGGTTAAGTTAAAACATCACACTAAAGCCAAACACCTTCAAGACTGTTATACGCAACCGAAGACAGGAAGTTCAACCACGAAAGTGGCTTTATTTGAGCTGAACCCACGAAAGCTACGAAA","ASV114"
"115","CACCGCGGTTATACGAGAGGCCCTAGTTGATAACTACCGGCGTAAAGAGTGGTTATGGAAAATATTTAATAAAGCCGAACACCCCCTCAGCCGTCATACGCACCTGGGAGCACGAAGACCTACTGCGAAAGCAGCTTTAATTATGCCTGACCCCACGACAGCTAAGAAA","ASV115"
"116","CACCGCGGTTATACGAGAGGCCCAAGTTGACAAACAACGGCGTAAAGAGTGGTTAGGGGATTTACTAAACTAGAGCTGAACGCTTTCAAAGCTGTTATACGCACCCGAAAGTATGAAACCCAATTACGAAAGTAGCTCTACCTATCCTGAACCCACGAAAGCTAAGGAA","ASV116"
"117","CACCGCGGTTATACGAGAGGCCCCAACTGATAGTCCACGGCGTAAAGCGTGATTAAAGGATACCTACTACACTAGAGCCAAAAGCCCCCTAAGCTGTCATACGCGCTTGAGAGCCCGAAGCCCAACCACGAAGGTAGCTCTGCCCAACAAGGACCCCTTGAACCCACGACAGCTGAGACA","ASV117"
"118","CACCGCGGCTATACGAGAGACCCAAGTTGATACCATTCGGCGTAAAGAGTGGTTATGGAAAATAAAGACTAAAGCCGCACACCTTCAAAGCTGTTATACGCATCCGAAGGTTAGAAGATCAACCACGAAGGTAGCTTTACAACCCCTGACCCCACGAAAGCCCTGGCA","ASV118"
"119","CACCGCGGCTATACGAGAGACCCAAGTTGATACCATTCGGCGTAAAGAGTGGTTATGGAAAATAAAGACTAAAGCAGCACACCTTCAAAGCTGTTATACGCATCCGAAGGCTAGAAGATCAACCACGAAGGTAGCTTTACAACCCCTGACCCCACGAAAGCTCTGGCA","ASV119"
"120","CACCGCGGTCATACGAGTGTTAGCCCAAGCAGATGGTCAACGGCGTAAAGAGTGGTTAGGGAACCCTCAAACTAAAGCTGAACGCCCGCAGGGCCGTTATACGCATCCGACAGCATGAAACCCCACCACGAAAGTGGCTTTAACCTGACCCGAACCCACGACAGCTAAGACA","ASV120"
"121","CACCGCGGTCATACGATTAACCCAAACTAATAGGCCTACGGCGTAAAGCGTGTTCAAGATACTTTTACACTAAAGTTAAAACTTAACTAAGCCGTAAAAAGCTACAGTTATCATAAAATAAACCACGAAAGTGACTTTATAATAATCTGACTACACGATAGCTAAGACC","ASV121"
"122","CACCACGGTTATACGAGAGGCCCAAGTTGACAAACAACGGCGTAAAGAGTGGTTAGGGGATTTACTAAACTAGAGCCGAACGCTTTCAAAGCTGTTATACGCACCCGAAAGTATGAAACCCAATTACGAAAGTAGCTCTACTCATCCTGAACCCACGAAAGCTAAGAAA","ASV122"
"123","CACCGCGGTTATACGAGGGGCCCAAATTGATGAAAACGGCGTAAAGCGTGGTTAAGAAAAAGAGAGAAAATATGGCCGAGCAGCTTCAAAGCAGTTATACGCATCCGAAGTCACGAAGAACAATCACGAAAGTTGCCCTAAAACCTCCGATTCCACGAAAGCCATAAAA","ASV123"
"124","CACCGCGGTTATACGAGAGACCCTAGTTGATATACTCGGCGTAAAGAGTGGTTATGGAAAACAAGCACTAAAGCCAAAGAGCCCTCAGGCCGTTATACGCACCCGGGGCCTCGAACCACTATCACGAAAGTAGCCTTACCCTCGCCCACCAGAACCCACGAGAGCTGGGACA","ASV124"
"125","CACCGCGGCTATACGAGAGACCCAAGTTGATACCATTCGGCGTAAAGAGTGGTTATGGAAAATAAAGACTAAAGCCGCACACCTTCAAAGATGTTATACGCATCCGAAGGCTAGAAGATCAACCACGAAGGTAGCTTTACAACCCCTGACCCCACGAAAGCTCTGGCA","ASV125"
"126","CACCGCGGCTATACGAGAGACCCAAGTTGATACCATTAGGCGTAAAGAGTGGTTATGGAAAATAAAGACTAAAGCCGCACACCTTCAAAGCTGTTATACGCATCCGAAGGCTAGAAGATCAACCACGAAGGTAGCTTTACAACCCCTGACCCCACGAAAGCTCTGGCA","ASV126"
"127","CACCGCGGCTATACGAGAGACCCAAGTTGATACCATTCGGCGTAAAGAGTGGTTATGGAAAATAAAGACTAAAGCCGCACACCTTCAAAGCTGTTATACGCATCCGAAGGCTAGAAGATCAACCACGAAGGTAGCTTTACAACCCCTGACCCCACGAAAGTTCTGGCA","ASV127"
"128","CACCGCGGTCATACGAGTGTTAGCCCAAGTGGATGGTCAACGGCGTAAAGAGTGGTTAGGGATTCCCAGAACTAAAGCTGAACGCCCACAGGGCCGTTATACGCATCCGAGAGCATGAACCCCCGCCACGAAGGTGGCTTTAACCTAACCCGAACCCACGACAGCTAGGGCA","ASV128"
"129","CACCGCGGTCATACGAGTGTTAGCCCAAGCAGATGGTCAACGGCGTAAAGGGTGGTTAGGGAACCCTGAAACTAAAGCTGAACGCCCGCAGGGCCGTTATACGCATCCGACAGCATGAAACCCCACCACGAAAGTGGCTTTAACCTGACCCGAACCCACGACAGCTAAGACA","ASV129"
"130","CACCGCGGCTATACGAGAGACCCAAGTTGATACCATTCGGCGTAAAGAGTGGTTATGGAAAATAAAGACTAAAGCCGCACACCTTCAAAGCTGTTATACGCATCCGAAGGCTAGAAGATCAACCACGAAGGTATCTTTACAACCCCTGACCCCACGAAAGCTCTGGCA","ASV130"
"131","CACCGCGGTCATACGATTGACCCAAGCTAACAGGAGTACGGCGTAAAGCGTGTTAAAGCATCATACTAAATAGAGTTAAATTTTAATTAAACTGTAAAAAGCCATAATTATAACAAAAATAAATGACGAAAGTAACCCTACAATAGCTGATACACCATAGCTAAGACC","ASV131"
"132","CACCGCGGTTATACGAGAGACCCTAGTCGATATACTCGGCGTAAAGAGTGGTTATGGAAAACAAGCACTAAAGCCAAAGAGCCCTCAGGCCGTTATACGCACCCGGGGCCTCGAACCACTATCACGAAAGTAGCTTTACCCTCGCCCACCAGAACCCACGAGAGCTGGGACA","ASV132"
"133","CACCGCGGTCAAACGAGCTAGTGCCCGAGCGGATAACTAACGGCGTAAAGAGTGGTTAGGGAAACCCAAAACTAAAGCTGAACGCCCGCAGGGCTGTGATACGCATCCGACGGTACGAAACCCCACCACGAAAGTGACTTTAACCAACCCGAACCCACGATAGCCAGGATA","ASV133"
"134","CACCGCGACTATACGAGAGACCCAAGTTGATACCATTCGGCGTAAAGAGTGGTTATGGAAAATAAAGACTAAAGCCGCACACCTTCAAAGCTGTTATACGCACCCGAAGGCCAGAAGCTCAACCACGAAGGTAGCTTTACAACCCCTGACCCCACGAAAGCTCTGGCA","ASV134"
"135","CACCGCGGTTATACGAGGGGCCCTAGTTGATAACTACCGGCGTAAAGAGTGGTTATGGAAAATATTTAATAAAGCCGAACACCCCCTCAGCCGTCATACGCATCTGGGAGCACGAAGACCTACTGCGAAAGCAGCTTTAATTATGCCTGACCCCACGACAGCTAAGAAA","ASV135"
"136","CACCGCGGTCATACGATTAACCCAAATTAATAGATCCACGGCGTAAAGAGTGTTTAAGAAAAAAAAACCACAATAGAGTTAAATTATAACTAAGCTGTAAAAAGCCCTAGTTAAAATAAAATAACCCACGAAAGTGACTCTAATAATCCTGATACACGATAGCTAGGACC","ASV136"
"137","CACCGCGGTTATACGAGAGGCCCAAGTTGAAAGACATCGGCGTAAAGAGTGGTTAAGTTAAAATTTATACTAAAGCCGAACATCCTCAAGGCTGTTATACGCACCCGAAGATAAGAAGTTCAACCACGAAAGTGGCTTTATTTAAGCTGAACCCACGAAAGCTACGGTA","ASV137"
"138","CACCGCGGTTATACGAGAGGCCCTAGTTGATAACTACCGGCGTAAGGAGTGGTTATGGAAAAATATTTAATAAAGCCGAACACCCCCTCAGCCGTCATACGCACCTGGGGGCACGAAGACCTACTGCGAAAGCAGCTTTAATTACACCTGACCCCACGACAGCTAAGAAA","ASV138"
"139","CACCGCGGTTATACGAGAGGCCCAAATTGATGAAAAACGGCGTAAAGCGTGGTTAAGAAAAAGAGAGAAAATATGGCCGAACAGCTTCAAAGCAGTTATACGCGTCCGAAGTCACGAAGAACAATCACGAAAGTTGCCCTAAAACCTCCGATTCCACGAAAGCCATAAAA","ASV139"
"140","CACCGCGGCTATACGAGAGACCCAAGTTGATACCATTCGGCGTAAAGAGTGGTTATGGAAAATAAAGACTAAAGCCGCACACCTTCAAAGCTGTTATACGCATCCTAAGGCTAGAAGATCAACCACGAAGGTAGCTTTACAACCCCTGACCCCACGAAAGCTCTGGCA","ASV140"
"141","CACCGCGGTTATACGAGTGGCCCAAGTTGAAAGTTACCGGCGTAAAGAGTGGTTAGGGAAATAATAAACTAAAGTCGAACACCCCCTAGGCTGTTATACGCTTCTGGGGGAACGAAGCCCCAATACGAAGGTGGCTTTAATACACCTGAACCCACGACAACTAAGATA","ASV141"
"142","CACCGCGGCTATACGAGAGACCCAAGTTGATACCATTCGGCGTAAAGAGTGGTTATGGAAAATAAAGACTAAAGCCGCACACCTTCAAAGCTATTATACGCATCCGAAGGCTAGAAGATCAACCACGAAGGTAGCTTTACAACCCCTGACCCCACGAAAGCTCTGGCA","ASV142"
"143","CACCGCGGCTATACGAGAGACCCAAGTTGATACCATTCGGCGTAAAGAGTGGTTATGGAAAATAAAGACTAAGGCCGCACACCTTCAAAGCTGTTATACGCATCCGAAGGCTAGAAGATCAACCACGAAGGTAGCTTTACAACCCCTGACCCCACGAAAGCTCTGGCA","ASV143"
"144","CACCGCGGCTATACGAGAGACCCAAGTTGATACCATTCGGCGTAAAGAGTGGTTATGGAAAATAAAGACTAAAGCCGCACACCTTCAAAGCTGTTATACGCATCCGAAGGCTAGAAGATCAACCACAAAGGTAGCTTTACAACCCCTGACCCCACGAAAGCTCTGGCA","ASV144"
"145","CACCGCGGTCATACGAGTGTTAGCCCAAGTGGATGGTCAACGGCGTAAAGAGTGGTTAGGGATTCCCAGAACTAAAGCTGAACGCCCACAGGGCCGTTATACGCATCCGAGAGCATGAAACCCCGCCACGAAGGTGGCTTTAACCTAACCCGAACCCACGACAGCTAGGGCA","ASV145"
"146","CACCGCGGTTATACGAGAGGCCCAAATTGATGAAAAACGGCGTAAAGCGTGGTTAAGAAAAAAAGAGAAAATATGGCCGAACAGCTTCAAAGCAGTTATACGCATCCGAAGTCACGAAGAACAATCACGAAAGTTGCCCTAGAACCTCCGATTCCACGAAAGCCATAAAA","ASV146"
"147","CACCGCGGTTATACGAGTGGCCCAAGTTGAAAGTTACCGGCGTAAAGAGTGGTTAGGGAAATAATAAACTAAAGCCGAACACCCTCTAGGCTGTTATACGCTTCTGAGGGTACGAAGCCCCACTACGAAAGTGGCTTTAATACACCTGAACCCACGGCAACTAAGATA","ASV147"
"148","CACCGCGGTTATACGAGAGGCCCAAGTTGAAAGACCACGGCGTAAAGAGTGGTTAAGTTAAAATTTACACTAAAGCCGAACATCCTCACGGCTGTTATACGCACCCGAAGATAAGAAGTTCAACCACGAAGGTGGCTTTATTTAATCTGAACCCACGAAAGCTACGGCA","ASV148"
"149","CACCGCGGCTATACGAGAGACCCAAGTTGATACCATTCGGCGTAAAGAGTGGTTATGGAAAATAAAGACTAAAGCCGCACACCTTCAAAGCTGTTATACGCATCCGAAGGCTAGAGGATCAACCACGAAGGTAGCTTTACAACCCCTGACCCCACGAAAGCTCTGGCA","ASV149"
"150","CACCGCGGCTATACGAGAGACCCAAGTTGCTACCATTCGGCGTAAAGAGTGGTTATGGAAAATAAAGACTAAAGCCGCACACCTTCAAAGCTGTTATACGCATCCGAAGGCTAGAAGATCAACCACGAAGGTAGCTTTACAACCCCTGACCCCACGAAAGCTCTGGCA","ASV150"
"151","CACCGCGGCTATACGAGAGACCCAAGTTGATACCATTCGGCGTAAAGAGTGGTTATGGAAAATAAAGACTAAAGCCGCACACCTTCAAAGCTGTTATACGCACCCGAAGGCCAGAAGCTCAACCACGAAGGTGGCTTTACAACCCCTGACCCCACGAAAGCTCTGGCA","ASV151"
"152","CACCGCGGTTATACGAGAGGCCCAAGTTGAAAGACATCGGCGTAAAGAGTGGTTAAGTTAAAATTTAGACTAAAGCCGAACATCCTCAAGGCTGTTATACGCACCCGAAGATAAGAAGTTCAACCACGAAGGTGGCTTTACTTGATCTGAACCCACGAAAGCTATGGCA","ASV152"
"153","CACCGCGGTCATACGATTAACCCAAGCTAACAGGAGTACGGCGTAAAACGTGTTAAAGCACCATACCAAATAGGGTTAAATTCTAACTAAGCTGTAAAAAGCCATGATTAAAATAAAAATAAATGACGAAAGTGGCCCTACAATAGCCGACGCACTATAGCTAAGACC","ASV153"
"154","CACCGCGGCTATACGAGAGACCCAAGTTGATACCATTCGGCGTAAAGAGTGGTTATGGAAAATAAAGACTAAAGCCGCACACCTTCAAAGCTGTTATACGCACCCGAAGGCCAGAAGCTCAACCACGAAGGTAGCCTTACAACCCCTGACCCCACGAAAGCTCTGGCA","ASV154"
"155","CACCGCGGTCATACGAGTGTAAGCCCAAGTGGATGGTCAACGGCGTAAAGGGTGGTTAGGGAAGCCCAATACTAAAGCTGAACGCCCACAGGGCCGTTATACGCATCCGAGAGCATGAAACCCCGCCACGAAGGTGGCTTTAACCTTACCCGAACCCACGACAGCTAGGGCA","ASV155"
"156","CACCGCGGCTATACGAGAGACCCAAGTTGATACCATTCGGCGTAAAGAGTGGTTATGGAAAATAAAGACTAAAGCCGCACACCTTCAAAGCTGTTATACGCATCCGAAGGCTAGAAGGTCAACCACGAAGGTAGCTTTACAACCCCTGACCCCACGAAAGCTCTGGCA","ASV156"
"157","CACCGCGGTCATACGAGTGTTAGCCCAAGCAGATGGTCAACGGCGTAAAGAGTGGTTAGGGAACCCTGAAACTAAAGCTGAACGCCCGCAGGGCCGTTATACGCATCCGACAGCATGAAACCCCACCACGAAAGTGGCTTTAACCTAACCCGAACCCACGACAGCTAAGACA","ASV157"
"158","CACCGCGGTTATACGAGTGGCCCAAGTTGAAAGTTACCGGCGTAAAGAGTGGTTAGGGAAATAATAAACTAAAGCCGAACACCCTCTAGGCTGTTATACGCTTCTGAGGGTACGAAGCCTCACTACGAAAGTGGCTTTAATACACCTGAACCCACGACAACTAAGATA","ASV158"
"159","CACCGCGGTCATACGAGTGTAAGCCCAAGTGGATGGTCAACGGCGTAAAGGGTGGTTAGGGAAGCCCAATACTAAAGCTGACCGCCCACAGGGCCGTTATACGCATCCGAGAGCATGAAACCCCGCCACGAAGGTGGCTTTAACCTTACCCGAACCCACGACAGCTAGGGCA","ASV159"
"160","CACCGCGGTTATACGAGAGGCCCAAGTTGACAAACAACGGCGTAAAGAGTGGTTAGGGGATTTACTAAACTAGAGCAGAACGCTTTCAAAGCTGTTATACGCACCCGAAAGTATGAAACCCAATTACGAAAGTAGCTCTACTCATCCTGAACCCACGAAAGCTAAGAAA","ASV160"
"161","CACCGCGGTCATACGATTAACCTAATCTAACAGGAGTACGGCGTAAAACGTGTTAAAGCACCATACCAAATAGGGTTAAATTCTAACTAAGCTGTAAAAAGCCATGATTAAAATAAAAATAAATGACGAAAGTGACCCTACAATAGCCGACGCACTATAGCTAAGACC","ASV161"
"162","CACCGCGGTTATACGAGAGGCCCAAGCTGGTAGACCCCGGCGTAAAGAGTGGTTAAGGTAAACTTAAAACTAAAGCCGAACACCCTCACAGCTGTTATACGCACCCGAGAGTAAGAAGCCCAACTACGAAAGTGGCTTTACAACCCCTGAACCCACGAAAGCTATGACA","ASV162"
"163","CACCGCGGTTATACGAGAGGCCCAAATTGATGAAAAACGGCGTAAAGCGTGGTTAAGAAAAAAAGAGAAAATATGGCCGAACAGCTTCAAAGCAGTTATACGCACCCGAAGTCACGAAGAACAATCACGAAAGTTGCCCTAAAACCTCCGATTCCACGAAAGCCATAAAA","ASV163"
"164","CACCGCGGTCACACGATTAACCCAAGTCAATAGAAGCCGGCGTAAAGAGTGTTTTAGATCACCCCCTCCCCAATAAAGCTAAAACTCACCTGAGTTGTAAAAAACTCCAGTTTACACAAAATAGACTACGAAAGTGGCTTTAACATATCTGAACACACAATAGCTAAGACC","ASV164"
"165","CACCGCGGTTATACGAGAGGCCCAAGTTGACAGAAAGCGGCGTAAAGAGTGGTTAAGGAATATCAAAAAAACTAGAGCAGAACGCTTTCAGAGCAGTTATACGCATCCGAAAGTATGAAACCCAATTACGAAAGCAGCTTTATTTCCCCTGAACCCACGAAAGCTAAGAAA","ASV165"
"166","CACCGCGGCTATACGAGAGACCCAAGTTGATACCATCCGGCGTAAAGAGTGGTTATGGAAAATAAAGACTAAAGCCGCACACCTTCAAAGCTGTTATACGCATCCGAAGGCTAGAAGATCAACCACGAAGGTAGCTTTACAACCCCTGACCCCACGAAAGCTCTGGCA","ASV166"
"167","CACCGCGGTTATACGAGAGGCCCAAGTTGATAGCCATCGGCGTAAAGCGTGGTTAAATTAAAACTCATACTAAAGCCAAACATCTTCAAGACTGTTATACGTAACCGAAGACAGGAAGTTCAACCACGAAAGTGGCTTTATTCGATCTGAATCCACGAAAGCTAAGGAA","ASV167"
"168","CACCGCGGTTATACGAGAGGCCCAAGTTGATAGACACCGGCGTAAAGAGTGGTTAAGTTAAAACATCACACTAAAGCCAAACACCTTCAAGACTGTTATACGCAACCGAAGACAGGAAGTTCAACCACGAAAGTGGCTTTATTTGAGCTGAACCCACGAAAGATACGAAA","ASV168"
"169","CACCGCGGCTATACGAGAGACCCAAGTTGATACCATTCGGCGTAAAGAGTGGTTATGGAAAATAAAGACTAAAGCCGCACACCTTCAAAGCTGTTATACGCATCCGAAGGCTAGAAGATCAACCACGAAGGTAGCTTTACAACCCCTGACCCCACGAAAGCTCTGGAA","ASV169"
"170","CACCGCGGCTATACGAGAGACCCAAGTTGATACCATTCGGCGTAAAGAGTGGTTATGGAAAATAAAGACTAAAGCCGCACACCTTCAAAGCTGTTATACGCATCCGAAGGCTAGAAGATCAACCACGAAGGTAGCTTTACAACCCCTGACCCCACGGAAGCTCTGGCA","ASV170"
"171","CACCGCGGTCACACGATTAACCCAAGTCAATAGAAGCCGGCGTAAAGAGTGTTTTAGATCACCCCCTCCCCAATAAAGCTAAAACTCACCTGAGTTGTAAAAAACTCCAGTTGACACAAAATGGACTACGAAAGTGGCTTTAACATATCTGAACACACAATAGCTAAGACC","ASV171"
"172","CACCGCGGTCACACGATTAACCCAAGTCAATAGAAACCGGCGTAAAGAGTGTTTTAGATCACCCCCTCCCCAATAAAGCTAAAACTCACCTGAGTTGTAAAAAACTCCAGTTGACACAAAATAGACTACGAAAGTGGCTTTAACATATCTGAACACACAATAGCTAAGACC","ASV172"
"173","CACCGCGGCTATACGAGAGACCCAAGTTGATACCATTCGGCGTAAAGAGTGGTTATGGAAAATAAAGACTAAAGCCGCACACCTTCAAAGCTGTTATACGCATCCGAAGGCTAGAAGATCAACCACGAAGGTAGCTTTACAACCCCTGACCCCACAAAAGCTCTGGCA","ASV173"
"174","CACCGCGGTCACACGATTAACCCAAGTCAATAGAGGCCGGCGTAAAGAGTGTTTTAGATCACCCCCTCCCCAATAAAGCTAAAACTCACCTGAGTTGTAAAAAACTCCAGTTGACACAAAATAGACTACGAAAGTGGCTTTAACATATCTGAACACACAATAGCTAAGACC","ASV174"
"175","CACCGCGGTCATACGAGTGTAAGCCCAAGTGGATGGTCAACGGCGTAAAGGGTGGTTAGGGAAGCCCAATACTAAAGCTGAACGCCCACAGGGCCGTTATACGCATCCGAGAGCATGAACCCCCGCCACGAAGGTGGCTTTAACCTTACCCGAACCCACGACAGCTAGGGCA","ASV175"
"176","CACCGCGGTTATACGAGGGGCCCAAATTGATGAAAACGGCGTAAAGCGTGGTTAAGAAAGAGAGAGAAAATATGGCCGAACAGCTTCAAAGCAGTTATACGCATCCGAAGTCACGAAGAACAATCACGAAAGTTGCCCTAAAACCTCCGATTCCACGAAAGCCATAAAA","ASV176"
"177","CACCGCGGCCATACGATTAACCCAAACTAACGGGCCCACGGCGTAAAGCGTGTAAAAGATCTACCAACACTAAAGTTAAAATTTAACCAAGCCGTAAAAAGCTACCGTTAATACAAAATACACTACGAAAGTGACTTTAATAATTCTGATTGCACGATAGCTAAGACC","ASV177"
"178","CACCGCGGTTATACGAGAGGCTCAAGTTGATAGACAGCGGCGTAAAGAGTGGTTAGGAAAAACACAAACTAAAGTCGAACGCTTCCATAGCTGTTATACGCACCCGAAAATATGAAGCCCAACTACGAAAGTAACTTTAAAATACCTGAATCCACGAAAGCTAGGGAA","ASV178"
"179","CACCGCGGCTATACGAGAGACCCAAGTTGATACCACTCGGCGTAAAGAGTGGTTATGGAAAATAAAGACTAAAGCCGCACACCTTCAAAGCTGTTATACGCATCCGAAGGCTAGAAGATCAACCACGAAGGTAGCTTTACAACCCCTGACCCCACGAAAGCTCTGGCA","ASV179"
"180","CACCGCGGCTATACGAGAGACCCAAGTTGATACCATTCGGCGTAAAGAGTGGTTATGGAAAATAAAGACTAAAGCCGCACACCTTCAAAGCTGTTATACGCACCCGAAGGCCAGAAGCTCAACCACGAAGGTAGCTTTACAACCCCTGACCCCACGAAGGCTCTGGCA","ASV180"
"181","CACCGCGGTTATACGAGAGGCCCAAGTTGACAAACAACGGCGTAAAGAGTGGTTAGGGGATTAAATAAACTAGAGCCGAACGCTTTCAAAGCTGTTATACGCACCCGAAAGTATGAAACCCAATTACGAAAGTAGCTCTACCCATCCTGAACCCACGAAAGCTAAGGAA","ASV181"
"182","CACCGCGGTCATACGAGTGTAAGCCCAAGTGGATGGTCAACGGCGTAAAGGGTGGTTAGGGAAGCCCAATACTAAAGCTGACCGCCCACAGGGCCGTTATACGCATCCGAGAGCATGAACCCCCGCCACGAAGGTGGCTTTAACCTTACCCGAACCCACGACAGCTAGGGCA","ASV182"
"183","CACCGCGGTCATACAAGTGTTAGCCCAAGTGGACAATTACGGCGTAAAGCGTGGTTAGGGAACGCCCCCTACTAAAGAAGAACCTCCTCCCGGCCGTTATACGCACCCGATAGTATGAAACCCCACCACGAAAGTGACTTTAACCTAGCCTGAATCCACGAAAGCTGAGGAAA","ASV183"
"184","CACCGCGGTCATACGATTAACCCAAATTAATAGATCCACGGCGTAAAGAGTGTTTAAGAAAAAAAACCACAATAGAGTTAAATTATAACTAAGCTGTAAAAAGCCCTAGTTAAAATAAAATAACCCACGAAAGTGACCCTAATAATCCTGACACACGATAGCTAGGACC","ASV184"
"185","CACCGCGGTTATACGAGGGGCCCAAGTTGAAAGACCCCGGCGTAAAGAGTGGTTAAGCTAGTTTTTATATTAAAGCCGAACACCCTCACGGCTGTTATACGCACCCGAAGATAAGAAGCTCAACCACGAAGGTGGCTTTATATGCCTGAACCCACGAAAGCTACGGCA","ASV185"
"186","CACCGCGGTTATACGAGAGGCCCAAGTTGATAGCCATCGGCGTAAAGCGTGGTTAAATTAAAACTCATACTAAAGCCAAACATCTTCAAGACTGTTATACGTAACCGAAGACAGGAAGTTCAACCACGAAAGTGGCTTTATTTGATCTGAATCCGCGAAAGCTAAGGAA","ASV186"
"187","CACCGCGGTTATACGAAAGACCCTAGTTGATAAATACGGCGTAAAGGGTGGTTAAGAAAAACAAGTAATAAAGCTAAAGACCCTCTAAGCTGTCATACGCATTCCGAGAGCACGAAACCCAAACACGAAAGTAGCTTTAAACATTATTACCTGACCCCACGAAAGCTAAGAAA","ASV187"
"188","CACCGCGGTTATACGAGAGGCCCAAGTTGAAAGACATCGGCGTAAAGAGTGGTTAAGGAAAAACTAAACTAAAGTCGAACATCTTCAAGGCTGTTATACGCATCCGAAGACAAGAAGTTCAACCACGAAGGTGACTTTATTCGTACTGAACCCACGAAAGCTAGGACA","ASV188"
"189","CACCGCGGTCATACGATTAACCCAAGCTAACAGGAGTACGGCGTAAAACGTGTTAAAGCACCATACCAAATAGGGTTAAACTCTAACTAAGCTGTAAAAAGCCATGATTAAAATAAAAATAAATGACGAAAGTGACCCTACAATAGCCGACGCACTATAGCTAAGACC","ASV189"
"190","CACCGCGGTTATACGAGAGACCCTAGTTGATATACTCGGCGTAAAGAGTGGCTATGGAAAACAAGCACTAAAGCCAAAGAGCCCTCAGGCCGTTATACGCACCCGGGGCCTCGAACCACTATCACGAAAGTAGCTTTACCCTCGCCCACCAGAACCCACGAGAGCTGGGACA","ASV190"
"191","CACCGCGGTTATACGAGAGGCCCAAGTAGATGGACACCGGCGTAAAGAGTGGTTAAGTTAAAACTCACACTAAAGCCAAACATCTTCAAGACTGTTATACGTAACCGAAGACCGGAAGTTCAACCACGAAAGTGGCTTTACTTGATCTGAACCCACGAAAGCTACGGCA","ASV191"
"192","CACCGCGGTCATACGAGTGTAAGCCCAAGTGGATGGTCAACGGCGTAAAGTGTGGTTAGGGAAACCCAATACTAAAGCTGAACGCCCACAGGGCCGTTATACGCACCCGAGAGCATGAACCCCCGCCACGAAGGTGGCCTTAACCTTACCCGAACCCACGACAGCTAGGGCA","ASV192"
"193","CACCGCGGCTATACGAGAGACCCAAGTTGATACCATTCGGCGTAAAGAGTGGTTATGGAAAATAAAGACTAAAGCCGCACACCTTCAAAGCTGTTATACGCATCCGAAGGCTAGAAGATCAACCACGAAGGTAGCTTTACAACCCCTGACCCCACGAAGGCTCTGGCA","ASV193"
"194","CACCGCGGTTATACGAGAGGCCCAAATTGATGAAAAACGGCGTAAAGCGTGGCTAAGAAAAAAGAGAAAATATGGCCGAACAGCTTCAAAGCAGTTATACGCATCCGAAGTCACGAAGAACAATCACGAAAGTTGCCCTAAAACCTCCGATTCCACGAAAGCCATAAAA","ASV194"
"195","CACCGCGGTTATACGAGAGGCCCAAGTTGAAAGACGTCGGCGTAAAGAGTGGTTAAGTAAAAACTAAACTAAAGTCGAACATCTTCAAGGCTGTTATACGCATCCGAAGACAAGAAGTTCAACCACGAAGGTGACTTTATTCGTACTGAACCCACGAAAGCTAGGACA","ASV195"
"196","CACCGCGGTTATACGAGAGGCCCCAACTGATAGTCCACGGCGTAAAGCGTGATTAAAGGATACCTACTACACTAGAGCCAAAAGCCCCCTAAGCTGTCATACGCGCTTGAGAGCCCGAAGCCCAACCACGAAGGTAGCTCTACCCAACAAGGACCCCTTGAACCCACGACAGCTGAGACA","ASV196"
"197","CACCGCGGTCATACGATTAACCCAAGCTAACAGGAGTACGGCGTAAAACGTGTTAAAGCACCATACCAAATAGGGCTAAATTCTAACTAAGCTGTAAAAAGCCATGATTAAAATAAAAATAAATGACGAAAGTGACCCTACAATAGCCGACGCACTATAGCTAAGACC","ASV197"
"198","CACCGCGGTTACACGTGAGACTCAAGTTGACAACCTCCGGCGTAAAGAGTGGTTAAGAGTAACAAGAACTAAAGCCGAACATCTCCCCAGCTGTTGCACGCTTACGAAGAAATGAAGCCCCATCACGAAAGTGGCTTTACTCCATCCGAACCCACGATAGCTAGAAAA","ASV198"
"199","CACTGTGGCCATACAATTAACCCAAGCTAATAGAACTCAGCGTAAAGAGTGTTTAAGATCTGCCCTCAATAAAGCTAAACTCCATTTAAGTTGTAAAAAACTTAGGCTGAAATAAAACATACTACGAATGTGGCTTTAATATCCTGAAGACACGACAGCTAAGATC","ASV199"
"200","CACCGCGGTTATACGAGAGGCCCAAGTTGATGATCACCGGCGTAAAGAGTGGTTACGGAAATACTTCACTAAAGCCGAACACCCTCCAGGCTGTCATACGCATCTGAGGCTACGAGGCTCTCCTACGAAAGTGGCTTTACTCCTCCCTGAACCCACGACAGCTATGAAA","ASV200"
"201","CACCGCGGTTATACGAGAGGCCCAAGTTGACAAACAACGGCGTAAAGAGTGGTTAGGGGATTTACTAAACTAGAGCCGAACTCTTTCAAAGCTGTTATACGCACCCGAAAGTATGAAACCCAATTACGAAAGTAGCTCTACTCATCCTGAACCCACGAAAGCTAAGAAA","ASV201"
"202","CACCGCGGTTAGACGAGAGGCCCTAGTTGATATTACAACGGCGTAAAGGGTGGTTAAGGATAAACAAAAATAAAGTCAAATGGCCCCTTGGCCGTCATACGCTTCTAGGAGTCCGAAGCCCTAATACGAAAGTAACTTTAATAAACCCACCTGACCGCACGAAAGCTGAGAAA","ASV202"
"203","CACCGCGGCTATACGAGAGACCCAAGTTGATACCATTCGGCGTAAAGAGTGGTTATGGAAAATAAAGACTAAAGCCGCACACCTTCAAAGCTGTTATACGCATCTGAAGGCTAGAAGATCAACCACGAAGGTAGCTTTACAACCCCTGACCCCACGAAAGCTCTGGCA","ASV203"
"204","CACCGCGGTTATACGAGAGGCCCAAGTTGAAAGACCCCGGCGTAAAGAGTGGTTAAGCTAGTTTTTATATTAAAGCCGAGCACCCTCACGGCTGTTATACGCACCCGAAGATAAGAAGCTCAACCACGAAGGTGGCTTTATATGCCTGAACCCACGAAAGCTACGGCA","ASV204"
"205","CACCGCGGTTATACGAGAGGCCCAAGTTGACAAACAACTGCGTAAAGAGTGGTTAGGGGATTTACTAAACTAGAGCCGAACGCTTTCAAAGCTGTTATACGCACCCGAAAGTATGAAACCCAATTACGAAAGTAGCTCTACTCATCCTGAACCCACGAAAGCTAAGAAA","ASV205"
"206","CACCGCGGCTATACGAGAGACCCAAGTTGATACCATTCGGCGTAAAGAGTGGTTATGGAAAATAAAGACTAAAGCCGCACACCTTCAAAGCTGTTATACGCACCCGAAGGCCAGAAGCTCAACCGCGAAGGTAGCTTTACAACCCCTGACCCCACGAAAGCTCTGGCA","ASV206"
"207","CACCGCGGCTATACGAGAGACCCAAGTTGATACCATTCGGCGTAAAGAGTGGTTATGGAAAATAAAGACTAAAGCCGCACACCTTCAAAGCTGTTATACGCACCCGAAGGCCAGAAGCTCAGCCACGAAGGTAGCTTTACAACCCCTGACCCCACGAAAGCTCTGGCA","ASV207"
"208","CACTGCGGCTATACGAGAGACCCAAGTTGATACCATTCGGCGTAAAGAGTGGTTATGGAAAATAAAGACTAAAGCCGCACACCTTCAAAGCTGTTATACGCACCCGAAGGCCAGAAGCTCAACCACGAAGGTAGCTTTACAACCCCTGACCCCACGAAAGCTCTGGCA","ASV208"
"209","CACCGCGGTCATACGAGTGTTAGCCCAAGCAGATGGTCAACGGCGTAAAGAGTGGTTAGGGGACCCTGAAACTAAAGCTGAACGCCCGCAGGGCCGTTATACGCATCCGACAGCATGAAACCCCACCACGAAAGTGGCTTTAACCTGACCCGAACCCACGACAGCTAAGACA","ASV209"
"210","CACCGCGGTCATACGAGTGTAAGCCCAAGCGGATGGTCAACGGCGTAAAGTGTGGTTAGGGAAACCCAATACTAAAGCTGAACGCCCACAGGGCCGTTATACGCATCCGAGAGCATGAACCCCCGCCACGAAGGTGGCTTTAACCTTACCCGAACCCACGACAGCTAGGGCA","ASV210"
"211","CACCGCGGCTATACGAGAGACCCAAGTTGATACCATTCGGCGTAAAGAGTGGTTATCGAAAATAAAGACTAAAGCCGCACACCTTCAAAGCTGTTATACGCATCCGAAGGCTAGAAGATCAACCACGAAGGTAGCTTTACAACCCCTGACCCCACGAAAGCTCTGGCA","ASV211"
"212","CACCGCGGCTATACGAGAGACCCAAGTTGATGCCATTCGGCGTAAAGAGTGGTTATGGAAAATAAAGACTAAAGCCGCACACCTTCAAAGCTGTTATACGCATCCGAAGGTTAGAAGATCAACCACGAAGGTAGCTTTACAACCCCTGACCCCACGAAAGCTCTGGCA","ASV212"
"213","CACCGCGGTTATACGAGAGGCCCAAGTTGATAGCCATCGGCGTAAAGCGTGGTTAAATTAAAACTCATACTAAAGCCAAACATCTTCAAGACTGTTATACGCAACCGAAGACAGGAAGTTCAACCACGAAAGTGGCTTTATTTGATCTGAATCCACGAAAGCTAAGGAA","ASV213"
"214","CACCGCGGTTATACGAGAGGCCCAAATTGATGAAAAACGGCGTAAAGCGTGGTTAAGAAAAAAAGAGAAAATATGGCCGAACAGCTTCAAAGCAGTTATACGCATCCGAAGTCACGAAGAACAATCACGAAGGTTGCCCTAAAACCTCCGATTCCACGAAAGCCATAAAA","ASV214"
"215","CACCGCGGTTATACGAGAGGCCCAAGTTGACAAACAACGGCGTAAAGAGTGGTTAGGGGATTTACTAAACTAGAGCTGAGCGCTTTCAAAGCTGTTATACGCACCCGAAAGTATGAAACCCAATTACGAAAGTAGCTCTACCTGTCCTGAACCCACGAAAGCTAAGGAA","ASV215"
"216","CACCGCGGTTATACGAGAGGCCCAAATTGATGAAAAACGGCGTAAAGCGTGGTTAAGAAAAAAAGAGAAAATATGGCCGAACAGCTTCAAAGCAGTTATACGCATCCGAAGTCACGAAGAACAATCACGAAAGTTGCCCTAAAACCTCCGATTCCACGAAAGCCGTAAAA","ASV216"
"217","CACCGCGGCTATACGAGAGACCCAAGTTGATACCATTCGGCATAAAGAGTGGTTATGGAAAATAAAGACTAAAGCCGCACACCTTCAAAGCTGTTATACGCATCCGAAGGCTAGAAGATCAACCACGAAGGTAGCTTTACAACCCCTGACCCCACGAAAGCTCTGGCA","ASV217"
"218","CACCGCGGCTATACGAGAGACCCAAGTTGATACCATTCGGCGTAAAGAGTGGTTATGGAAAATAGAGACTAAAGCCGCACACCTTCAAAGCTGTTATACGCACCCGAAGGCCAGAAGCTCAACCACGAAGGTAGCTTTACAACCCCTGACCCCACGAAAGCTCTGGCA","ASV218"
"219","CACCGCGGTTATACGAGAGACCCTAGTTGATATACTCGGCGTAAAGAGTGGTTATGGAAAACAAGCACTAAAGCCAAAGAGCCCTCAGGCCGTTATACGCACCCGGGGCCTCGAACCACTATCACGAAAGTAGCTTTACCCTCGCCCATCAGAACCCACGAGAGCTGGGACA","ASV219"
"220","CACCGCGGTTATACGAGAGGCCCAAGTTAACAAACAACGGCGTAAAGAGTGGTTAGGGGATTTACTAAACTAGAGCTGAACGCTTTCAAAGCTGTTATACGCACCCGAAAGTATGAAACCCAATTACGAAAGTAGCTCTACCTGCCCTGAACCCACGAAAGCTAAGGAA","ASV220"
"221","CACCGCGGCTATACGAGAGGCCCAAGTTGACAAACAACGGCGTAAAGAGTGGTTAGGGGATTTACTAAACTAGAGCTGAACGCTTTCAAAGCTGTTATACGCACCCGAAAGTATGAAACCCAATTACGAAAGTAGCTCTACCTGTCCTGAACCCACGAAAGCTAAGGAA","ASV221"
"222","CACCGCGGTCATACGAGTGTTAGCCCAAGCAGATGGTCAACGGCGTAAAGAGTGGTTAGGGAACCCTGAAACTAAAGCTGAACGCCCGCAGGGCCGTTATACGCATCCGACGGCATGAAACCCCACCACGAAAGTGGCTTTAACCTGACCCGAACCCACGACAGCTAAGACA","ASV222"
"223","CACCGCGGTTATACGAGAGGCCCAAGTTGACAAACAACGGCGTAAAGAGTGGTTAGGGGATTTACTAAACTAGAGCTGAACGCTTTCAAAGCTGTTATACGCACCCGAAAGTATGAAACCCAATTACGAGAGTAGCTCTACCTGTCCTGAACCCACGAAAGCTAAGGAA","ASV223"
"224","CACCGCGGTTATACGAGAGGCCCAAGTTGACAAACAACGGCGTAAAGAGTGGTTAGGGGATTTACTAAACTAGAGCCGAACGCTTTCAAAGCTGTTATACGCACCCGAAAGTATGAAACCCAATTACGAAAGTAGCTCTACTCATCCTGAACCCGCGAAAGCTAAGAAA","ASV224"
"225","CACCGCGGTTATACGAGAGGCCCAAATTGATGGAAAACGGCGTAAAGCGTGGTTAAGAAAAAAAGAGAAAATATGGCCGAACAGCTTCAAAGCAGTTATACGCATCCGAAGTCACGAAGAACAATCACGAAAGTTGCCCTAAAACCTCCGATTCCACGAAAGCCATAAAA","ASV225"
"226","CACCGCGGTCACACGATTAACCCAAGTCAATAGAAGCCGGCGTAAAGAGTGTTTTAGATCACCCCCTCCCCAATAAAGCTAAAACTCACCTGAGTTGTAAAAAACTCCAGTTGACACAAAATAGACTACGAAAGTGGCTTTAACATATCTGAACACACAATAGCTAAGGCC","ASV226"
"227","CACCGCGGTCATACGAGTGTTAGCCCAAGCAGATGGTCAACGGCGTAAAGAGTGGTTAGGGAACCCTAAAACTAAAGCTGAACGCCCGCAGGGCCGTTATACGCGTCCGACAGCATGAAACCCCACCACGAAAGTGGCTTTAACCTGACCCGAACCCACGACAGCTAAGACA","ASV227"
"228","CACCGCGGCTATACGAGAGACCCAAGTTGATACCATTCCGCGTAAAGAGTGGTTATGGAAAATAAAGACTAAAGCCGCACACCTTCAAAGCTGTTATACGCATCCGAAGGCTAGAAGATCAACCACGAAGGTAGCTTTACAACCCCTGACCCCACGAAAGCTCTGGCA","ASV228"
"229","CACCGCGGCTATACGAGAGACCCAAGTTGATACCATTCGGCGTAAAGAGTGGTCATGGAAAATAAAGACTAAAGCCGCACACCTTCAAAGCTGTTATACGCACCCGAAGGCCAGAAGCTCAACCACGAAGGTAGCTTTACAACCCCTGACCCCACGAAAGCTCTGGCA","ASV229"
"230","CACCCCGGTCATACGATTAACCCAAATTAATAGATCCACGGCGTAAAGAGTGTTTAAGAAAAAAAACCACAATAGAGTTAAATTATAACTAAGCTGTAAAAAGCCCTAGTTAAAATAAAATAACCCACGAAAGTGACTCTAATAATCCTGACACACGATAGCTAGGACC","ASV230"
"231","CACCGCGGTCATACGAGTGTAAGCCCAAGCGGATGGTCAACGGCGTAAAGTGTGGTTAGGGAAACCCAATACTAAAGCTGAACGCCCACAGGGCCGTTATACGCATCCGAGAGCATGAAACCCCGCCACGAAGGTGGCTTTAACCTTACCCGAACCCACGACAGCTAGGGCA","ASV231"
"232","CACCGCGGTCATACGATTAACCCAAATTAATAGATCCACGGCGTAAAGAGTGTTTAAGAAAAAAAAACCACAATAGAGTTAAATTATAACTAAGCTGTAAGAAGCCCTAGTTAAAATAAAATAACCCACGAAAGTGACTCTAATAATCCTGACACACGATAGCTAGGACC","ASV232"
"233","CACCGCGGTCATACGATTAACCCAAGCTAACAGGAGTACGGCGTAAAACGTGTTAAAGCACCATACCAAATAGGGTTAAATTCTAACTAAGCTGTAAAAAGCCATGATTAAAATAAAAATAAATGACGAAAGTGACCATACAATAGCCGACGCACTATAGCTAAGACC","ASV233"
"234","CACCGCGGTCACACGATTAACCCAAGTCAATAGAAGCCGGCGTAAAAAGTGTTTTAGATCACCCCCTCCCCAATAAAGCTAAAACTCACCTGAGTTGTAAAAAACTCCAGTTGACACAAAATAGACTACGAAAGTGGCTTTAACATATCTGAACACACAATAGCTAAGACC","ASV234"
"235","CACCGCGGCTATACGAGAGACCCAAGTTGATACCATTCGGCGTAAAGAGTGGTTATGGAAAATAAAGACTAAAGCCGCACACCTTCAAAGCTGTTATACGCATCCGAAAGTTAGAAGATCAACCACGAAGGTAGCTTTACAACCCCTGACCCCACGAAAGCTCTGGCA","ASV235"
"236","CACCGCGGTCATACGATTAACCCAAATTAATAGATCCACGGCGTAAAGAGTGTTTAAGAAAAAAAACCACAATAGAGTTAAATTATAACTAAGCTGTAAAAAGCCCTAGTTAGAATAAAATAACCCACGAAAGTGACTCTAATAATCCTGACACACGATAGCTAGGACC","ASV236"
"237","CACCGCGGCTATACGAGAGACCCAAGTTGATACCATTCGGCGTAAAGAGTGGTTATGGAAAATAAAGACTAAAGCCGCACACCTTCAAAGCTGTTATACGCACCCGAAGGCCAGAAGCTCAACCACGAAGGTAGCTTTACAACCCCTGACCCCATGAAAGCTCTGGCA","ASV237"
"238","CACCGCGGTCATACGATTAACCCAAGCTAACAGGAGTACGGCGTAAAACGTGTTAAAGCACCATACCAAATAGGGTTAAATTCTAACTAAGCTGTAAAAAGCCATGATTAAAATAAAAATAAATGACGAAAGTGACCCTACAATAGCCGGCGCACTATAGCTAAGACC","ASV238"
"239","CACCGCGGCTATACGAGAGACCCAAGTTGATACCATTCGGCGTAAAGAGTGGTTATGGAAAATAAAGACTAAAGCCGCACACCTTCAAAGCTGTCATACGCATCCGAAGGCTAGAAGATCAACCACGAAGGTAGCTTTACAACCCCTGACCCCACGAAAGCTCTGGCA","ASV239"
"240","CACCGCGGTTATACGAGTGGCCCAAGTTGAAAGTTACCGGCGTAAAGAGTGGTTAGGGAAATAATAAACTAAAGCCGAACACCCTCTAGGCTGTTATACGCTTCTGAGAGTACGAAGCCCCACTACGAAAGTGGCTTTAATACACCTGAACCCACGACAACTAAGATA","ASV240"
"241","CACCGCGGTTATACGAAAGACCCTAGTTGATAAATACGGCGTAAAGGGTGGTTAAGGAAAACAAGTAATAAAGCTAAAGGCCCTCTAAGCTGTCATACGCATTCCGAGAGCACGAAACCCAAACACGAAAGTAGCTTTAAACATTATTACCTGACCCCACGAAAGCTAAGAAA","ASV241"
"242","CACCGCGGCTATACGAGAGACCCAAGTTGATACCATTCGGCGTAAAGCGTGGTTATGGAAAATAAAGACTAAAGCCGCACACCTTCAAAGCTGTTATACGCACCCGAAGGCCAGAAGCTCAACCACGAAGGTAGCTTTACAACCCCTGACCCCACGAAAGCTCTGGCA","ASV242"
"243","CACCGCGGTTATACGAGAGGCCCAAATTGATGAAAAACGGCGTAAAGCGTGGTTAAGAAAAAAAGAGAAAATATGGCCGAACAACTTCAAAGCAGTTATACGCATCCGAAGTCACGAAGAACAATCACGGAAGTTGCCCTAAAACCTCCGATTCCACGAAAGCCATAAAA","ASV243"
"244","CACCGCGGTCATACGAGTGTTAGCCCAAGCAGATGGTCAACGGCGTAAAGAGTGGTTAGGGAACCCTGAAACTAAAGCTGAACGCCCGCAGGGCCGTTATACGCATCCGACAGCATGAAACCCGACCACGAAAGTGGCTTTAACCTGACCCGAGCCCACGACAGCTAAGACA","ASV244"
"245","CACCGCGGTTATACGAGAGGCCCAAATTGATGAAAAACGGCGTAAAGCGTGGTTAAGAAAAAAGAGAAAATATGGCCGAACAGCTTCAAAGCAGTTATACGCATCCGAAGTCACGAAGAACAATCACGGAAGTTGCCCTAAAACCTCCGATTCCACGAAAGCCATAAAA","ASV245"
"246","CACCGCGGTCATACGATTAACCCAAATTAATAGATCCACGGCGTAAAGAGTGTTTAAGAAAAAAAACCACAATAGAGTTAAATTATAACTAAGCTGTAAAAAGCCCTGGTTAAAATAAAATAACCCACGAAAGTGACTCTAATAATCCTGACACACGATAGCTAGGACC","ASV246"
"247","CACCGCGGTCACACGATTAACCCAAGTCAATAGAAGCCGGCGTAAAGAGTGTTTTAGATCACCCCCTCCCCAATAAAGCTAAAACCCACCTGAGTTGTAAAAAACTCCAGTTGACACAAAATAGACTACGAAAGTGGCTTTAACATATCTGAACACACAATAGCTAAGACC","ASV247"
"248","CACCGCGGCTATACGAGAGACCCAAGTTGATACCATTCGGCGTAAAGAGTGGTTATGGAAAATAAAGACTAAAGCCGCACACCTTCAAAGCTGTTATACGCATCCGAAGGCTAGAAGATCAACCACGAAGGTAGCTTTACAACCCCTGACCCTACGAAAGCTCTGGCA","ASV248"
"249","CACCGCGGCTATACGAGAGACCCAAGTTGATACCATTCGGCGTAAAGAGTGGTTATGGAAAATAAAGACTGAAGCCGCACACCTTCAAAGCTGTTATACGCACCCGAAGGCCAGAAGCTCAACCACGAAGGTAGCTTTACAACCCCTGACCCCACGAAAGCTCTGGCA","ASV249"
"250","CACCGCGGTTATACGAGAGGCCCAAGTTGATAGCCATCGGCGTAAAGCGTGGTTAAATTAAAACTCATACTAAAGCCAAACATCTTCAAGACTGTTATACGTAACCGAAGACAGGAAGTTCAACCACGAAAGTGGCTTTATTTGATCTGTATCCACGAAAGCTAAGGAA","ASV250"
"251","CACCGCGGTTATACGAGTGGCCCAAGTTGAAAGTTACCGGCGTAAAGAGTGGTTAGGGAAATAATAAACTAAAGCCGAACACCCTCTAGGCTGTTATACGCTTCTGGGGGTACGAAGCCCCACTACGAAAGTGGCTTTAATACACCTGAACCCACGACAACTAAGATA","ASV251"
"252","CACCGCGGCTATACGAGAGACCCAAGTTGATACCATTCGGCGTAAAGAGTGGTTATGGAAAATAAAGACTAAAGCCGCACACCTTCGAAGCTGTTATACGCATCCGAAGGCTAGAAGATCAACCACGAAGGTAGCTTTACAACCCCTGACCCCACGAAAGCTCTGGCA","ASV252"
"253","CACCGCGGCTATACGAGAGACCCAAGTTGATACCATTCGGCGTAAAGAGTGGTTATGGAAAATAAAGACAAAAGCCGCACACCTTCAAAGCTGTTATACGCACCCGAAGGCCAGAAGCTCAACCACGAAGGTAGCTTTACAACCCCTGACCCCACGAAAGCTCTGGCA","ASV253"
"254","CACCGCGGTCATACGAGTGTAAGCCCAAGTGGATGGTCAACGGCGTAAAGTGTGGTTAGGGAAGCCCAATACTAAAGCTGAACGCCCACAGGGCCGTTATACGCACCCGAGAGCATGAACCCCCGCCACGAAGGTGGCTTTAACCTTACCCGAACCCACGACAGCTAGGGCA","ASV254"
"255","CACCGCGGCTATACGAGAGACCCAAGTTGATACCATTCGGCGTAAAGAGTGGTTATGGAAAATAAAGACTAAAGCCGCACACCTTCAAAGCTGTTATACGCATCCGAAGGCTAGAAGATCAACCACGAAGGTAGCTTTACAACCCCTGACCCCGCGAAAGCTCTGGCA","ASV255"
"256","CACCGCGGTTATACGAGAGGCCCAAGTTGACAAACAACGGCGTAAAGAGTGGTTAGGGGATTTACTAAACTAGAGCTGAACGCTTTCAAAGCTGTTATACGCACCCGAAAGTATGAAACCCAATTACGAAAGTAGCTCTACCTGTCCTGAACCCACGAAAGCTAAGGGA","ASV256"
"257","CACCGCGGTCATACGATCGACCCAAATTAATAGAAGCACGGCGTAAAGAGTGTTAAGGAGCCACATGGAATAAAGTCAAACCTTAATTAAGCTGTAAAAAGCCCTAATTAAAATTAAGCCAAACTACGAAAGTGACTTTAATATAATCTGATCACACGACAGCTAAGATC","ASV257"
"258","CACCGCGGTCATACGATTAACCCAAGCTAACAGGAGTACGGCGTAAAACGTGTTAAAGCACCATACCAAATAGGGTTAAATTCTAACTAGGCTGTAAAAAGCCATGATTAAAATAAAAATAAATGACGAAAGTGACCCTACAATAGCCGACGCACTATAGCTAAGACC","ASV258"
"259","CACCGCGGTTATACGAGAGGCCCAAGTTGACAGAAAGCGGCGTAAAGAGTGGTTAAGGAATATCAAAAAAACTAGAGCGGAACGCTTTCAGAGCAGTTATACGCATCCGAAAGTATGAAACCCAATTACGAAAGTAGCTTTATTTCTCCTGAACCCACGAAAGCTAAGAAA","ASV259"
"260","CACCGCGGTTATACGAGAGGCCCTAGTTGATAACTACCGGCGTAAAGAGTGGTTATGGAAAGATATTTAATAAAGCCGAACACCCCCTCAGCCGTCATACGCACCTGGGAGCACGAAGACCTACCGCGAAAGCAGCTTTAATTACGCCTTACCCCACGACAGCTAAGAAA","ASV260"
"261","CACCGCGGTTATACGAGAGGCCCAAGTTGACAAACAACGGCGTAAAGGGTGGTTAGGGGATTTACTCAACTAGAGCCGAACGCTTTCAAAGCTGTTATACGCACCCGAAAGTATGAAACCCAATTACGAAAGTAGCTCTACCTGTCCTGAACCCACGAAAGCTAAGAAA","ASV261"
"262","CACCGCGGCTATACGAGAGACCCAAGTTGATACCATTCGGCGTAAAGAGTGGTTATGGAAAATAAAGACTAAAGCCGCACACCTTCAAAGCTGTTATACGCATCCGGAGGTTAGAAGATCAACCACGAAGGTAGCTTTACAACCCCTGACCCCACGAAAGCTCTGGCA","ASV262"
"263","CACCGCGGTTATACGAGAGACCCTAGTTGATATACTCGGCGTAAAGAGTGGTTATGGAAAACAAGCACTAAAGCCAAAGAGCCCTCAGGCCGTTATACGCACCCGGGGCCTCGAACCACTATCACGAAAGTAGCTTTACCTTCGCCCACCAGAACCCACGAGAGCTGGGACA","ASV263"
"264","CACCGCGGTCATACGAGTGTAAGCCCAAGTGGATGGTCAACGGCGTAAAGTGTGGTTAGGGAAGCCCAATACTAAAAGCTGAACGCCCACAGGGCCGTTATACGCATCCGAGAGCATGAACCCCCGCCACGAAGGTGGCTTTAACCTTACCCGAACCCACGACAGCTAGGGCA","ASV264"
"265","CACCGCGGTTATACGAGAGGCCCCAGTTGATAAACACGGCGTAAAGAGTGGTTAAGAATTATACCGAACTAAAGCCGAAGGTCCCCTAAGCCGTCATACGCACCTGGGGGTACGAGGCCCCATCACGAAAGTAGCTTTATTCAAGCCCGCCTGACCCCACGACAGCTAAGACA","ASV265"
"266","CACCGCGGTTATACGAGAGGCCCAAGTTGACAAACAACGGCGTAAAGAGTGGTTAGGGGATTTACTAAACTAGAGCCGAACGCTTTCAAAGCTGTTATACGCACCCGAAAGTATGAAACCCGATTACGAAAGTAGCTCTACTCATCCTGAACCCACGAAAGCTAAGAAA","ASV266"
"267","CACCGCGGTTATACGAGAGGCCCAAGTTAACAAACAACGGCGTAAAGAGTGGTTAGGGGATTTACTAAACTAGAGCTGAACGCTTTCAAAGCTGTTATACGCACCCGAAAGTATGAAACCCAATTACGAAAGTAGCTCTACCGGTCCTGAACCCACGAAAGCTAAGGAA","ASV267"
"268","CACCGCGGTTATACGAGAGGCCCTAGTTGATAACTACCGGCGTAAAGAGTGGTTATGGAAAAATATTTAATAAAGCCGAACACCCCCCCAGCCGTCATACGCACCTGGGGGCACGAAGACCTACTGCGAAAGCAGCTTTAATTACACCTGACCCCACGACAGCTAAGAAA","ASV268"
"269","CACCGCGGTTATACGAGAGACCCTAGTTGATATACTCGGCGTAAAGAGTGGTTATGGAAAACAAGCACTAAAGCCAAAGAGCCCTCAGGCCGTTATACGCACCCGGGGCCTCGAACCACTATCACGAAAGTAGCTTTACCCTCGCCCACCAGAGCCCACGAGAGCTGGGACA","ASV269"
"270","CACCGCGGCTATACGAGAGACCCAAGTTGATACCATTCGGCGTAAAGAGTGGTTATGGAAAATAAAGACTAAAGCCGCACACCTTCAAAGCTGTTATACGCATCCGAAGGTTAGAAGATCAACCACGAAGGTAGCTTTACAACCCCTGACCCCACGAAGGCTCTGGCA","ASV270"
"271","CACCGCGGTTATACGAGAGACCCTAGTTGATATACTCGGCGTAAAGAGTGGTTATGGAAAACAAGCACTAAAGCCAAAGAGCCCTCAGGCCGTTATACGCACCCGGGGCCTCGAACCACTATTACGAAAGTAGCTTTACCCTCGCCCACCAGAACCCACGAGAGCTGGGACA","ASV271"
"272","CACCGCGGTCATACGATTAGCCCAAACTAATAGACCCACGGCGTAAAGCGTGTTACAGAGAAAAAAATATACTAAAGTTAAATTTTAACTAGGCCGTAGAAAGCTAGAGTTAACATAAAAATACAGCACGAAAGTAACTTTAACACCTCCGACTACACGACAGCTAAGACC","ASV272"
"273","CACCGCGGTTATACGAGTGGCCCAAGTTGAAAGTTGCCGGCGTAAAGAGTGGTTAGGGAAATAATAAACTAAAGTCGAACACCCCCTAGGCTGTTATACGCTTCTGGGGGAACGAAGCCCCACTACGAAGGTGGCTTTAATACACCTGAACCCACGACAACTAAGATA","ASV273"
"274","CACCGCGGTTATACGAGAGGCCCAAATTGATGAAAAACGGCGTAAAGCGTGGTTAAGAAAAAAAGAGAAAATATGGCCGAACAGCTTCAAAGCAGTTATACGCATCCGAAGTCACGAAGAACAATCACGAAAGTTGTCCTAAAACCTCCGATTCCACGAAAGCCATAAAA","ASV274"
"275","CACCGCGGTTATACGAGAGGCCCAAATTGATGAAAAACGGCGTAAAGCGTGGTTAAGAAAAAGAGAGAAAATATGGCCGAACAGCTTCAAAGCAGTTATACGCATCCGAAGTCACGAAGAACAATCACGAAAGTTGCCCTAAAACCTCCAATTCCACGAAAGCCATAAAA","ASV275"
"276","CACCGCGGTCATACGATCGACCCAAATTAATAGAAGCACGGCGTAAAGAGTGTTAAGGAGTCACATGGAATAAAGTCAAACCTTAATTAAGCTGTAAAAAGCCCTAATTAAAATTAAGCCAAACTACGAAAGTGACTTTAATATAATCTGATCACACGACAGCTAAGATC","ASV276"
"277","CACCGCGGCTATACGAGAGACCCAAGTTGATACCATTCGGCGTAAAGAGTGGTTATGGAAAATAAAGACTAAAGCCGCACACCTTCAAAGCTGTTATACGTACCCGAAGGCCAGAAGCTCAACCACGAAGGTAGCTTTACAACCCCTGACCCCACGAAAGCTCTGGCA","ASV277"
"278","CACCGCGGTTATACGAGAGACCCTAGTTGATATACTCGGCGTAAAGAGTGGTTATGGAAAACAAGCACTAAAGCCAAAGAGCCCTCAGGCCGTTATACGCACCCGGGGCCTCGAACTACTATCACGAAAGTAGCTTTACCCTCGCCCACCAGAACCCACGAGAGCTGGGACA","ASV278"
"279","CACCGCGGTCATACGAGTGTTAGCCCAAGCAGATGGTCAACGGCGTAAAGAGTGGTTAGGGAACCCTGAAACTAGAGCTGAACGCCCGCAGGGCCGTTATACGCATCCGACAGCATGAAACCCCACCACGAAAGTGGCTTTAACCTGACCCGAACCCACGACAGCTAAGACA","ASV279"
"280","CACCGCGGCTATACGAGAGGCCCAAGTTGATACCATTCGGCGTAAAGAGTGGTTATGGAAAATAAAGACTAAAGCCGCACACCTTCAAAGCTGTTATACGCACCCGAAGGCCAGAAGCTCAACCACGAAGGTAGCTTTACAACTCCTGACCCCACGAAAGCTCTGGCA","ASV280"
"281","CACCGCGGTTATACGAGAGGCCCAAGTTGATAGCCATCGGCGTAAAGCGTGGTTAAATTAAAACTCATACTAAAGCCAAACATCTTCAAGACTGTTATACGTAACCGAAGACAGGAAGTTCAACCACGAAAGTGGCTTTATTTGATCTGAATCCACGAAAGTTAAGGAA","ASV281"
"282","CACCGCGGCTATACGAGAGACCCAAGTTGATACCATTCGGCGTAAAGAGTGGTTATGGAAAATAAAGACTAAAGCCGCACACCTTCAAAGCTGTTATACGCATCCGAAGGTTAGAAGATTAACCACGAAGGTAGCTTTACAACCCCTGACCCCACGAAAGCTCTGGCA","ASV282"
"283","CACCGCGGTTATACGAGAGGCCCAAGTTGATAGCCATCGGCGTAAAGCGTGGTTAAATTAAAACTCATACTAAAGCCAAACATCTTCAAGACTGTTATACGTAACCGAAGACAGGAAGTTCAACCACGAAAATGGCTTCATTTGATCTGAATCCACGAAAGCTAAGGAA","ASV283"
"284","CACCGCGGTTATACGAGAGACCCTAGTTGATATACTCGGCGCAAAGAGTGGTTACGGAAAACAAGCACTAAAGCCAAAGAGCCCTCAGGCCGTTATACGCACCCGGGGCCTCGAACCACTATCACGAAAGTAGCTTTACCCTCGCCCACCAGAACCCACGAGAGCTGGGACA","ASV284"
"285","CACCGCGGTTATACGAGAGGCCCAAATTGATGGAAAACGGCGTAAAGCGTGGTTAAGAAAAAAGAGAAAGTATGGCCGAACAGCTTCAAAGCAGTTATACGCATCCGAAGTCACGAAGAACAATCACGAAAGTTGCCCTAAAACCTCCGATTCCACGAAAGCCATAAAA","ASV285"
"286","CACCGCGGTTATACGAGAGGCCCAAGTTGACAAACAACGGCGTAAAGAGTGGTTAGGGGATTTAATAAACTAGAGCCGAACGCTTTCAAAGCTGTTATACACACCCGAAAGTATGAAACCCAATTACGAAAGTAGCTCTACCTATCCTGAACCCACGAAAGCTAAGGAA","ASV286"
"287","CACCGCGGCTATACGAGAGACCCAAGTTGATACCATTCGGCGTAAAGAGTGGTTATGGAAAATAAAGACTAAAGCCGCACACCTTCAAAGCTGTTATACGCGTCCGAAGGCTAGAAGATCAACCACAAAGGTAGCTTTACAACCCCTGACCCCACGAAAGCTCTGGCA","ASV287"
"288","CACCGCGGCTATACGAGAGACCCAAGTTGATACCATTCGGCGTAAAGAGTGGTTATGGAAAATAAAGACTAAAGCCGCACACCTTCAAAGCTGTTATACGCATCCGAAGGTTAGAAGATCAACCACGAAGGTAGCTTTACAACCCCTGACCTCACGAAAGCTCTGGCA","ASV288"
"289","CACCGCGGTTACACGTGAGACTCAAGTTGACAACCTCCGGCGTAAAGAGTGGTTAAGAGTAACAAGAACTAAAGCCGAACATCTCCCCAGCTGTTGCACGCTTACGACGAAATGAAGCCCCATCACGAAAGTGGCTTTACTCCATCCGAACCCACGATAGCTAGAAAA","ASV289"
"290","CACCGCGGCTATACGAGAGACCCAAGTTGATACCATTCGGCGTAAAGAGTGGTTATGGAAAATAAAGACTAAAGCCGCACACCTTCAAAGCTGTTATACGCATCCGAAGGCTAGAAGATCAACCACTAAGGTAGCTTTACAACCCCTGACCCCACGAAAGCTCTGGCA","ASV290"
"291","CACCGCGGTCATACGAGTGTTAGCCCAAGCAGATGGTCAACGGCGTAAGGAGTGGTTAGGGAACCCTGAAACTAAAGCTGAACGCCCGCAGGGCCGTTATACGCATCCGACAGCATGAAACCCCACCACGAAAGTGGCTTTAACCTGACCCGAACCCACGACAGCTAAGACA","ASV291"
"292","CACCGCGGTCATACAAGTGTTAGCCCAAGTGGACAATTACGGCGTAAAGCGTGGTTAGGGAACGCCCCCTACTAAAGAAGAACCTCCTCCCGGCCGTTATACGCACCCGATAGTATGAAGCCCCACCACGAAAGTGACTTTAACCTAGCCTGAATCCACGAAAGCTGAGGAAA","ASV292"
"293","CACCGCGGTCACACGATTAACCCAAGTCAATAGATGCCGGCGTAAAGAGTGTTTTAGATCACCCCCTCCCCAATAAAGCTAAAACTCACCTGAGTTGTAAAAAACTCCAGTTGACACAAAATAGACTACGAAAGTGGCTTTAACATATCTGAACACACAATAGCTAAGACC","ASV293"
"294","CACCGCGGTCATACGATTAACCCAAGTTAATAGGCCTACGGCGTAAAGCGTGTTTAAACACTACACCAAATAAAGTTAAATTTTAATTAAGCTGTAAAAAGCCATAATCACAATGAAAATAAATAACGAAAGTAACTTTACAACCGCTGAAACACGATAGCTAAGATC","ASV294"
"295","CACCACACCACGGTCATACGATTGACCCAAATTAATAGACATTCGGTGTAAAGAGTGTCACGGAGTAGTGCAAAATAAAGTCAAACCTTAATTAAGCTATAAAAAGCCTTAATTAAAATTAAGTTAAACCACGAAAGTAACTTTACCATAAACTGAGTACACGACAACTAAGACC","ASV295"
"296","CACCGCGTCTATACGAGAGACCCAAGTTGATACCATTCGGCGTAAAGAGTGGTTATGGAAAATAAAGACTAAGGCCGCACACCCTCAAAGCTGTTATACGCATCCGAAGGCTAGAAGATCAACCACGAAGGTAGCTTTACAACCCCTGACCCCACGAAAGCTCTGGCA","ASV296"
"297","CACCGCGGTCATACGAGTGTAAGCCCAAGTGGATGGTCAACGGCGTAAAGTGTGGTTAGGGAAGCCCAATACTAAAGCTGAACGCCCACAGGGCCGTTATACGCATCCGAGAGCAGGAACCCCCGCCACGAAGGTGGCTTTAACCTTACCCGAACCCACGACAGCTAGGGCA","ASV297"
"298","CACCGCGGTCACACGATTAACCCAAGTCAATAGAAGCCGGCGTAAAGAGTGTTTTAGATCACCCCCTCCCCAATAAAGCTAAAACTCATCTGAGTTGTAAAAAACTCCAGTTGACACAAAATAGACTACGAAAGTGGCTTTAACATATCTGAACACACAATAGCTAAGACC","ASV298"
"299","CACCGCGGTCATACGAGTGTAAGCCCAAGTGGATGGTCAACGGCGTAAAGTGTGGTTAGGGAAGCCCAATACTAAAGCTGAACGCCCACAGGGCCGTTATCCGCATCCGAGAGCATGAACCCCCGCCACGAAGGTGGCTTTAACCTTACCCGAACCCACGACAGCTAGGGCA","ASV299"
"300","CACCGCGGTCACACGATTAACCCAAGTCAATAGAAGCCGGCGTAAAGAGTGTTTTAGATCACCCCCTCCCCAATAAAGCTAAAACTCACCCGAGTTGTAAAAAACTCCAGTTGACACAAAATAGACTACGAAAGTGGCTTTAACATATCTGAACACACAATAGCTAAGACC","ASV300"
"301","CACCGCGGTCACACGATTAACCCAAGTCAATAGAAGCCGGCGTAAAGAGTGTTTTAGATCACCCCCTCCCCAATAAAGCTAAAACTCACCTGAGTTGTAAAAAACTCCAGTTGACACAAGATAGACTACGAAAGTGGCTTTAACATATCTGAACACACAATAGCTAAGACC","ASV301"
"302","CACCGCGGTCATACGAGTGTTAGCCCAAGCAGGTGGTCAACGGCATAAAGAGTGGTTAGGGAACCCTGAAACTAAAGCTGAACGCCCGCAGGGCCGTTATACGCATCCGACAGCATGAAACCCCACCACGAAAGTGGCTTTAACCTGACCCGAACCCACGACAGCTAAGACA","ASV302"
"303","CACCGCGGCTATACGAGAGACCCAAGTTGAAATAAATCGGCGTAAAGAGTGGTTATGGAAAATCAAGACTAAAGTCGAACATCTTCAAGGCTGTTATACGCATCCGAAGACAAGAAGTTCAACCACGAAGGTGACTTTATTCGTACTGAACCCACGAAAGCTAGGACA","ASV303"
"304","CACCGCGGTTATACGAGAGGCCCAAGTTGACAAACAACGGCGTAAAGAGTGGTAGGGGGATTTACTAAACTAGAGCCGAACGCTTTCAAAGCTGTTATACGCACCCGAAAGTATGAAACCCAATTACGAAAGTAGCTCTACTTATCCTGAACCCACGAAAGCTAAGGAA","ASV304"
"305","CACCGCGGTCATACGAGTGTAAGCCCAAGCGGATGGTCAACGGCGTAAAGTGTGGTTAGGGAAACCCAATACTAAAGCTGACCGCCCACAGGGCCGTTATACGCATCCGAGAGCATGAACCCCCGCCACGAAGGTGGCTTTAACCTTACCCGAACCCACGACAGCTAGGGCA","ASV305"
"306","CACCGCGGTTATACGAGTGACCCAAGTTGAAAGTTACCGGCGTAAAGAGTGGTTAGGGAAATAATAAACTAAAGTCGAACACCCCCTAGGCTGTTATACGCTTCTGGGGGAACGAAGCCCCACTACGAAGGTGGCTTTAATACACCTGAACCCACGACAACTAAGATA","ASV306"
"307","CACCGCGGTCACACGATTAACCCAAGTCAATAGAAGCCGGCGTAAAGAGTGTTTTAGATCACCTCCTCCCCAATAAAGCTAAAACTCACCTGAGTTGTAAAAAACTCCAGTTGACACAAAATAGACTACGAAAGTGGCTTTAACATATCTGAACACACAATAGCTAAGACC","ASV307"
"308","CACCGCGGTTATACGAGAGGCCCAAGTTGACCAACAACGGCGTAAAGAGTGGTTAGGGGATTTACTAAACTAGAGCCGAACGCTTTCAAAGCTGTTATACGCACCCGAAAGTATGAAACCCAATTACGAAAGTAGCTCTACTCATCCTGAACCCACGAAAGCTAAGAAA","ASV308"
"309","CACCGCGGCTATACGAGTGACCCAAGTTGAAATTAATCGGCGTAAAGAGTGGTTATGGAAATTAAAGACTAAAGCCGCACACCTTCAAAGCTGTTATACGCATCCGAAGGCTAGAAGATCAACCACGAAGGTAGCTTTACAACCCCTGACCCCACGAAAGCTCTGGCA","ASV309"
"310","CACCGCGGCTATACGAGTGACCCAAGTTGAAATTAATCGGCGTAAAGAGTGGTTATGGAAATTAAAGACTAAAGCCGAACACCCTCTAGGCTGTTATACGCTTCTGAGGGTACGAAGCCCCACTACGAAAGTGGCTTTAATACACCTGAACCCACGACAACTAAGATA","ASV310"
"311","CACCGCGGTCACACGATTAACCCAAGTCAATAGAAGCCGGCGTAAAGAGTGTTTTAGATCACCCCCTCCCCAATAAAGCTAAAACTCACCTGAGTTGTAAAAAACTCCAGTTGACACAAAATAGACTACGAAAGTGGCTTTAACATATCTGAACACATAATAGCTAAGACC","ASV311"
"312","CACCGCGGTCATACGATTAACCCAAACTAATAGGCCTACGGCGTAAAGCGTGTTCAAGATACTTTAACACTAAAGTTAAAACTTAACTAAGCCGTAAAAAGCTACAGTTATCATAAAATAAACCACGAAAGTGACTTTATAATAATCTGACTACACGATAGCTAAGACC","ASV312"
"313","CACCGCGGTCACACGATTAACCCAAGTCAATAGAAGTCGGCGTAAAGAGTGTTTTAGATCACCCCCTCCCCAATAAAGCTAAAACTCACCTGAGTTGTAAAAAACTCCAGTTGACACAAAATAGACTACGAAAGTGGCTTTAACATATCTGAACACACAATAGCTAAGACC","ASV313"
"314","CACCGCGGTTATACGAGAGGCCCAAGTTGACAAACAACGGCGTAAAGAGTGGTTAGGGAACCCTGAAACTAAAGCTGAACGCCCGCAGGGCCGTTATACGCATCCGACAGCATGAAGCCCCACCACGAAAGTGGCTTTAACCTAACCCGAACCCACGACAGCTAAGACA","ASV314"
"315","CGCCGCGGTCACACGATTAACCCAAGTCAATAGAAGCCGGCGTAAAGAGTGTTTTAGATCACCCCCTCCCCAATAAAGCTAAAACTCACCTGAGTTGTAAAAAACTCCAGTTGACACAAAATAGACTACGAAAGTGGCTTTAACATATCTGAACACACAATAGCTAAGACC","ASV315"
"316","CACCGCGGTCATACGATTAACCCAAACTAATAGGCCTACGGCGTAAAGCGTGTTCAAGATACTTTAACACTAAAGTTAAAACTTAACTAAGCCGTAAAAAGCTACAGTTATCATAAAATAAACCACGAAGGTGACTTTATAATAATCTGACTACACGATAGCTAAGACC","ASV316"
"317","GCGACCACCGAGATCTACACTCTTCTCGACAGGTTCAGAGTTCTACAGTCCGACGATCGCCGGTAAAACTCGTGCCAGCAGACGTGTGCTCTTCCGATCTCAAACTGGGATTAGATACCCCACTATGAGATCGGAAGAGCACACGTCTGAACTCCAGTCACACTTGAATCTCGTATGCC","ASV317"
"318","CACCGCGGTTATACGAGAGGCCCAAGTTGATAGCCATCGGCGTAAAGCGTGGTTAAATTAAAACTCATACTAAAGCCAAACATCTTCAAGACTGTTATACGTAACCGAAGACAGGAAGTTCAACCACGAAGGTAGCTTTACAACCCCTGAGCCCACGAAAGCTCTGGCA","ASV318"
"319","CGCCGCGGTTATACGAGCGACCCAAATTAATGAGATAACGGCGTAAAGAGTGTATAAGAAAAACCTTGTACTTATTAAAGTTAAAATGGTGCTTAACAGTTATACGTACCCGCACAAATGAAAAACAATTAAAAAAGAAACTTTATAAAAACAGGGCCTCTGAAAACACGATAGCTAAAAAA","ASV319"
"320","CAATAGACGGAAAAGGGCCAATAGATGCAAATGGTTCTGAGCCAATTGAAAAAATTGCTCCAGGAGTAATCTGGCGTAAATCTGTTGATCAACCTGTACAAACTGGATTGAAATCAATTGATGCGATGGTTCCTGTAGGACGAGGACAACGAGAATTGATTATTGGTGATCGT","ASV320"
"321","CACCGCGGTCACACGATTAACCCAAGTCAATAGAAGCCGGCGTAAAGAGTGTTTTAGATCACCCCCTCCCCAATAAAGCTAAAACTCACCTTAGTTGTAAAAAACTCCAGTTGACACAAAATAGACTACGAAAGTGGCTTTAACATATCTGAACACACAATAGCTAAGACC","ASV321"
"322","CACCGCGGCTATACGAGAGACCCAAGTTGAAATAAATCGGCGTAAAGAGTGGTTATGGAAAATCAAGACTAAAGTCGAACATCTTCAAGGCTGTTATACGCATCCGAAGACAAGAAGTTCAACCACGAAGGTAGCTTTACAACCCCTGACCCCACGAAAGCTCTGGCA","ASV322"
"323","GATACGGCGACCACCGAGATCTACACTATCACCGACAGGTTCAGAGTTCTACAGTCCGACGATCGCCGGTAAAACTCGTGCCAGCGTGCTCTTCCGATCTCAAACTGGGATTAGATACCCCACTATGAGATCGGAAGAGCACACGTCTGAACTCCAGTCACGATCAGATCTCGTATGCCGTCTTC","ASV323"
"324","CACCGCGGCTATACGAGAGACCCAAGTTGATACCATTCGGCGTAAAGAGTGGTTAAGTAAAAACTAAACTAAAGTCGAACATCTTCAGGGCTGTTATACGCATCCGAAGACAAGAAGTTCAACCACGAAGGTGACTTTATTCGTACTGAACCCACGAAAGCTAGGACA","ASV324"
"325","CACCGCGGCTATACGAGAGACCCAAGTTGATACCATTCGGCGTAAAGAGTGGTTATGGAAAATAAAGACTAAAGCCGCACACCTTCAAAGCTGTTATACGCATCCGAAGGTTAGAAGATCAACCACGAAGGTAGCTTTACAACCCCTGACCCCACGAAAGCTCTGGCAAACTGGGATTAGATACC","ASV325"
"326","CACCGCGGTCAAACGAGCTAGTGCCCGAGCAGATAACTAACGGCGTAAAGAGTGGTTAGGGAAACCCAAAACTAAAGCTGAACGCCCGCAGGGCCGTTATACGCATCCGACAGCATGAAACCCCACCACGAAAGTGGCTTTAACCTGACCCGAACCCACGACAGCTAAGACA","ASV326"
"327","CACCGCGGCTATACGAGAGACCCAAGTTGATACCATTCGGCGTAAAGAGTGGTTAAATTAAAACTCATACTAAAGCCAAACATTTTCAAGACTGTTATACGTAACCGAAGACAGGAAGTTCAACCACGAAAGTGGCTTTATTTGATCTGAATCCACGAAAGCTAAGGAA","ASV327"
"328","CACCGCGGTTATACGAGAGGCCCAAGTTGACAGAAAGCGGCGTAAAGAGTGGTTATGGAAAATAAAGACTAAAGCCGCACACCTCCAAAGCTGTTATACGCACCCGAAGGCCAGAAGCTCAACCACGAAGGTAGCTTTACAACCCCTGACCCCACGAAAGCTCTGGCA","ASV328"
"329","CACCGCGGTTATACGAGAGACCCTAGTTGATATACTCGGCGTAAAGAGTGGTTATGGAAAATAAAGACTAAAGCCGCACATCTTCAAAGCTGTTATACGCACCCGAAGGCCAGAAGCTCAACCACGAAGGTAGCTTTACAACCCCTGACCCCACGAAAGCTCTGGCA","ASV329"
"330","CACCGCGGTTATACGAGAGGCCCAAGTTGATACCATTCGGCGTAAAGAGTGGTTATGGAAAATAAAGACTAAAGCCGCACACCTTCGAAGCTGTTATACGCATCCGAAGGTTAGAAGATCAACCACGAAGGTAGCTTTACAACCCCTGACCCCACGAAAGCTCTGGCA","ASV330"
"331","CACCGCGGTCACACGATTAACCCAAGTCAATAGAAGCCGGCGTAAAGAGTGTTTTAGATCACCCCCTCCCCAATAAAGCTAAAACTCACCTGAGTTGTAAAAAACTCCAGTTGATACAAAATAAACTACGAAAGTGGCTTTAATGCATCTGAACACAGAATAACTAAGACC","ASV331"
